Words,counts
"('ang', 'mga')",13110
"('ako', 'sa')",10966
"('na', 'lang')",9863
"('hindi', 'ko')",9339
"('ko', 'na')",9103
"('sa', 'akin')",8825
"('ng', 'mga')",7740
"('ko', 'ang')",7435
"('sa', 'kaniya')",7418
"('na', 'ang')",7387
"('sa', 'mga')",7075
"('ko', 'sa')",5939
"('niya', 'ang')",5739
"('siya', 'sa')",5231
"('ako', 'ng')",5090
"('dahil', 'sa')",4742
"('na', 'ako')",4543
"('na', 'rin')",4459
"('pa', 'rin')",4387
"('hindi', 'na')",4348
"('ang', 'kaniyang')",4345
"('lang', 'ako')",4239
"('sa', 'kanya')",4147
"('mga', 'mata')",4094
"('ang', 'aking')",3832
"('sa', 'kaniyang')",3651
"('niya', 'sa')",3539
"('lang', 'ang')",3416
"('ko', 'at')",3192
"('ang', 'lahat')",3079
"('na', 'siya')",3070
"('tanong', 'ni')",3007
"('siya', 'ng')",2952
"('na', 'si')",2891
"('sa', 'aking')",2865
"('pa', 'ni')",2832
"('naman', 'ang')",2815
"('ka', 'na')",2801
"('sa', 'loob')",2760
"('lahat', 'ng')",2754
"('ako', 'nang')",2712
"('ito', 'sa')",2708
"('na', 'sa')",2704
"('sa', 'kanila')",2600
"('rin', 'ang')",2599
"('naman', 'ako')",2592
"('na', 'hindi')",2567
"('hindi', 'niya')",2520
"('hindi', 'ako')",2461
"('ko', 'pa')",2452
"('sabi', 'ni')",2428
"('naman', 'si')",2424
"('hindi', 'naman')",2390
"('na', 'ito')",2382
"('sabi', 'ko')",2371
"('mula', 'sa')",2314
"('ako', 'at')",2285
"('hindi', 'pa')",2285
"('mo', 'na')",2262
"('ni', 'don')",2234
"('sa', 'isang')",2210
"('ang', 'isang')",2203
"('ng', 'isang')",2197
"('kung', 'saan')",2172
"('ay', 'hindi')",2167
"('tanong', 'ko')",2160
"('at', 'ang')",2157
"('niya', 'at')",2091
"('niya', 'na')",2073
"('at', 'hindi')",2056
"('na', 'may')",2039
"('ko', 'siya')",2013
"('na', 'niya')",2007
"('kami', 'sa')",1987
"('para', 'sa')",1962
"('niya', 'ako')",1939
"('ko', 'lang')",1919
"('ngayon', 'ay')",1918
"('ang', 'kanyang')",1880
"('loob', 'ng')",1875
"('na', 'ngayon')",1858
"('sa', 'amin')",1849
"('pa', 'ang')",1837
"('kung', 'bakit')",1759
"('ko', 'alam')",1752
"('na', 'naman')",1739
"('pero', 'hindi')",1716
"('sa', 'kanyang')",1701
"('nang', 'makita')",1700
"('saad', 'ni')",1696
"('ng', 'kaniyang')",1656
"('sa', 'labas')",1652
"('na', 'iyon')",1650
"('ng', 'tingin')",1643
"('ko', 'naman')",1640
"('hanggang', 'sa')",1630
"('lang', 'siya')",1611
"('ko', 'ay')",1595
"('i', 'dont')",1585
"('alam', 'kung')",1582
"('ko', 'nang')",1574
"('wala', 'na')",1540
"('ko', 'si')",1536
"('sa', 'likod')",1528
"('na', 'kami')",1512
"('ang', 'tingin')",1501
"('si', 'don')",1491
"('din', 'ang')",1476
"('ang', 'kamay')",1470
"('ni', 'nikolas')",1464
"('kung', 'kayat')",1439
"('na', 'nasa')",1428
"('sabi', 'niya')",1407
"('alam', 'kong')",1405
"('dahilan', 'para')",1394
"('lang', 'sa')",1390
"('papunta', 'sa')",1386
"('tugon', 'ni')",1382
"('ni', 'martin')",1379
"('hindi', 'mo')",1367
"('dito', 'sa')",1367
"('ilang', 'sandali')",1364
"('ko', 'ng')",1353
"('i', 'am')",1352
"('of', 'the')",1352
"('siya', 'at')",1351
"('hindi', 'ka')",1350
"('naman', 'ay')",1341
"('na', 'siyang')",1338
"('mata', 'ko')",1337
"('ngayon', 'sa')",1333
"('ako', 'kay')",1333
"('ako', 'na')",1328
"('sa', 'kanilang')",1318
"('niya', 'pa')",1309
"('hindi', 'siya')",1303
"('na', 'ng')",1288
"('are', 'you')",1279
"('ni', 'salome')",1277
"('naman', 'siya')",1272
"('na', 'nga')",1272
"('sila', 'sa')",1271
"('ba', 'ang')",1269
"('tanong', 'niya')",1266
"('i', 'said')",1260
"('pa', 'ako')",1252
"('sa', 'bahay')",1249
"('i', 'was')",1237
"('at', 'sa')",1229
"('he', 'said')",1227
"('nakita', 'ko')",1227
"('sa', 'sinabi')",1226
"('ito', 'ng')",1223
"('rin', 'ako')",1220
"('kung', 'ano')",1215
"('wika', 'ni')",1212
"('si', 'celestina')",1199
"('na', 'lamang')",1198
"('ko', 'rin')",1194
"('lang', 'si')",1193
"('na', 'akong')",1191
"('gusto', 'ko')",1187
"('nito', 'ang')",1179
"('dahil', 'hindi')",1178
"('ako', 'ni')",1161
"('ni', 'juanito')",1155
"('si', 'salome')",1153
"('si', 'martin')",1151
"('and', 'i')",1147
"('sa', 'tapat')",1142
"('sandali', 'pa')",1138
"('ang', 'mukha')",1136
"('sa', 'iyo')",1136
"('oras', 'na')",1116
"('kaniyang', 'mga')",1115
"('pa', 'lang')",1115
"('sa', 'gilid')",1113
"('sa', 'tabi')",1112
"('ang', 'iyong')",1111
"('want', 'to')",1110
"('na', 'parang')",1110
"('ang', 'sarili')",1108
"('mga', 'tao')",1102
"('naman', 'ni')",1097
"('naman', 'sa')",1092
"('nila', 'ang')",1070
"('but', 'i')",1064
"('sagot', 'ni')",1059
"('sa', 'mukha')",1059
"('kami', 'ni')",1058
"('si', 'juanito')",1056
"('rin', 'sa')",1049
"('napatingin', 'ako')",1048
"('you', 'are')",1048
"('kung', 'hindi')",1045
"('ang', 'buong')",1030
"('ng', 'bahay')",1029
"('din', 'ako')",1024
"('mabilis', 'na')",1023
"('wala', 'akong')",1021
"('sa', 'harapan')",1018
"('lalo', 'na')",1015
"('iyon', 'ay')",1013
"('naman', 'ng')",1007
"('mo', 'ba')",1006
"('nga', 'pala')",1005
"('mga', 'ito')",1002
"('pa', 'siya')",1000
"('don', 'alejandro')",997
"('na', 'ba')",994
"('ano', 'ang')",991
"('ngunit', 'hindi')",991
"('iyon', 'sa')",989
"('kami', 'ng')",989
"('ito', 'at')",985
"('ang', 'pinto')",975
"('mo', 'ang')",974
"('ko', 'dahil')",972
"('sa', 'paligid')",972
"('i', 'know')",972
"('ka', 'pa')",967
"('in', 'the')",963
"('kamay', 'ko')",962
"('si', 'nikolas')",961
"('ako', 'ang')",952
"('rin', 'siya')",952
"('sa', 'kwarto')",949
"('nakatingin', 'sa')",949
"('to', 'be')",949
"('ang', 'kanilang')",944
"('at', 'me')",939
"('ka', 'ba')",938
"('sagot', 'ko')",925
"('na', 'sana')",925
"('na', 'din')",918
"('kung', 'sino')",917
"('ng', 'aking')",914
"('yung', 'mga')",914
"('sa', 'gitna')",911
"('na', 'sila')",909
"('ay', 'ang')",906
"('mas', 'lalong')",905
"('siya', 'nang')",904
"('lang', 'naman')",903
"('this', 'is')",901
"('ni', 'sir')",899
"('ng', 'malalim')",896
"('nito', 'sa')",891
"('ko', 'hindi')",886
"('ay', 'may')",885
"('mo', 'sa')",882
"('sinabi', 'niya')",874
"('ka', 'sa')",874
"('puso', 'ko')",868
"('nang', 'biglang')",866
"('at', 'may')",866
"('ang', 'noo')",865
"('na', 'po')",860
"('ni', 'audrey')",859
"('kung', 'anong')",857
"('tungkol', 'sa')",857
"('tapat', 'ng')",855
"('i', 'will')",853
"('alam', 'ko')",849
"('bagay', 'na')",846
"('ni', 'celestina')",846
"('sila', 'ng')",844
"('ako', 'dahil')",844
"('lang', 'din')",838
"('talaga', 'ang')",834
"('ngayon', 'ang')",834
"('namin', 'ang')",832
"('sa', 'lahat')",832
"('need', 'to')",829
"('sigaw', 'ni')",828
"('ni', 'sirene')",827
"('kahit', 'na')",826
"('that', 'i')",826
"('i', 'just')",826
"('alam', 'mo')",816
"('sa', 'sarili')",816
"('makita', 'ang')",813
"('ang', 'dalawang')",812
"('sa', 'buong')",812
"('ka', 'lang')",810
"('tingin', 'ko')",808
"('kung', 'paano')",803
"('sa', 'pagkakataong')",798
"('may', 'mga')",796
"('nagulat', 'ako')",796
"('when', 'i')",793
"('niya', 'ito')",792
"('sa', 'inyo')",791
"('sinabi', 'ko')",789
"('araw', 'na')",788
"('niya', 'si')",787
"('at', 'agad')",784
"('din', 'sa')",784
"('nanlaki', 'ang')",781
"('thank', 'you')",778
"('dahilan', 'upang')",774
"('naman', 'na')",774
"('akala', 'ko')",773
"('hindi', 'ba')",770
"('sa', 'paglalakad')",765
"('na', 'sabi')",764
"('pa', 'sa')",761
"('si', 'sirene')",758
"('mas', 'lalo')",757
"('din', 'siya')",756
"('agad', 'akong')",755
"('kanina', 'pa')",753
"('aking', 'mga')",747
"('niya', 'ay')",747
"('ni', 'mama')",746
"('at', 'dahil')",745
"('naman', 'akong')",742
"('do', 'you')",737
"('nang', 'marinig')",736
"('pa', 'niya')",727
"('sa', 'sahig')",726
"('ni', 'fidel')",724
"('sa', 'kamay')",722
"('gulat', 'na')",721
"('habang', 'nakatingin')",720
"('sana', 'ako')",719
"('i', 'can')",718
"('siya', 'ni')",717
"('madam', 'olivia')",717
"('i', 'asked')",716
"('sir', 'nathan')",714
"('sa', 'harap')",713
"('lang', 'ay')",712
"('hindi', 'rin')",709
"('bigla', 'siyang')",709
"('saad', 'ko')",708
"('patuloy', 'pa')",708
"('i', 'want')",708
"('ni', 'madam')",705
"('i', 'cant')",704
"('sa', 'kama')",700
"('napatingin', 'sa')",699
"('na', 'pala')",698
"('lang', 'ng')",698
"('nito', 'at')",698
"('siya', 'ang')",697
"('labas', 'ng')",696
"('pumasok', 'sa')",696
"('papalapit', 'sa')",696
"('na', 'tanong')",693
"('mga', 'guardia')",692
"('gusto', 'kong')",688
"('akin', 'ang')",687
"('maliit', 'na')",684
"('narinig', 'ko')",684
"('pa', 'ng')",683
"('ito', 'ay')",683
"('likod', 'ng')",680
"('sa', 'aming')",680
"('ko', 'pero')",679
"('tingin', 'sa')",678
"('san', 'alfonso')",678
"('si', 'sir')",678
"('dont', 'know')",675
"('ang', 'pangalan')",674
"('wala', 'naman')",674
"('on', 'the')",672
"('pala', 'ang')",671
"('sinabi', 'ni')",670
"('ko', 'habang')",670
"('ito', 'ang')",669
"('mata', 'ni')",669
"('it', 'was')",669
"('ko', 'siyang')",665
"('man', 'lang')",662
"('ng', 'diretso')",661
"('ang', 'buhok')",658
"('siya', 'sakin')",656
"('ito', 'na')",656
"('mo', 'ako')",655
"('ni', 'maria')",654
"('ang', 'ilang')",653
"('pa', 'din')",652
"('pagkakataong', 'iyon')",652
"('i', 'didnt')",651
"('ng', 'lahat')",650
"('naman', 'niya')",649
"('sa', 'tuwing')",646
"('si', 'lucas')",645
"('na', 'tayo')",644
"('sa', 'kabilang')",642
"('my', 'eyes')",640
"('to', 'the')",637
"('ang', 'sinabi')",636
"('malakas', 'na')",633
"('na', 'ni')",632
"('ko', 'kay')",630
"('sino', 'ang')",630
"('bakit', 'hindi')",629
"('mga', 'luha')",629
"('kanilang', 'mga')",628
"('ka', 'ng')",620
"('kamay', 'niya')",620
"('ng', 'tubig')",618
"('na', 'natapos')",616
"('ni', 'ama')",612
"('siya', 'ngayon')",612
"('sa', 'tingin')",611
"('lang', 'na')",609
"('si', 'audrey')",608
"('isa', 'sa')",608
"('namin', 'sa')",607
"('sarili', 'ko')",607
"('ni', 'lucas')",603
"('sa', 'oras')",603
"('na', 'to')",602
"('at', 'the')",600
"('ang', 'babaeng')",599
"('to', 'me')",599
"('i', 'saw')",594
"('mukha', 'niya')",593
"('ako', 'ngayon')",592
"('mga', 'taong')",591
"('i', 'have')",591
"('rin', 'naman')",589
"('gitna', 'ng')",589
"('he', 'was')",589
"('gilid', 'ng')",588
"('mga', 'bata')",588
"('akin', 'si')",588
"('ano', 'ba')",587
"('ang', 'mata')",587
"('ko', 'kung')",587
"('niya', 'lang')",585
"('gamit', 'ang')",584
"('sa', 'sobrang')",581
"('si', 'sebastian')",580
"('agad', 'na')",578
"('sa', 'lupa')",575
"('lamang', 'ang')",574
"('kanyang', 'mga')",573
"('in', 'my')",572
"('guardia', 'civil')",571
"('niya', 'ng')",570
"('ko', 'saka')",570
"('mo', 'pa')",569
"('talaga', 'ako')",569
"('you', 'know')",567
"('diretso', 'sa')",566
"('looked', 'at')",566
"('na', 'agad')",565
"('siya', 'na')",564
"('ang', 'puso')",564
"('of', 'my')",562
"('patungo', 'sa')",562
"('ng', 'kanilang')",562
"('niya', 'dahil')",562
"('akin', 'at')",562
"('pakiramdam', 'ko')",561
"('pa', 'ay')",560
"('sa', 'bintana')",559
"('ba', 'ako')",558
"('kaniya', 'ang')",558
"('ng', 'puso')",555
"('mo', 'naman')",555
"('will', 'be')",554
"('ang', 'ulo')",554
"('on', 'my')",553
"('oo', 'nga')",553
"('kaniya', 'at')",552
"('kahit', 'pa')",551
"('ano', 'bang')",550
"('gusto', 'mo')",550
"('have', 'a')",548
"('ang', 'sasabihin')",548
"('napatigil', 'ako')",548
"('kaya', 'hindi')",548
"('tumingin', 'sa')",547
"('naalala', 'ko')",546
"('ang', 'boses')",546
"('ko', 'kaya')",546
"('kinuha', 'ko')",546
"('ko', 'ngayon')",544
"('ko', 'yung')",543
"('ng', 'kwarto')",539
"('niya', 'akong')",536
"('narinig', 'kong')",535
"('para', 'hindi')",535
"('sa', 'kusina')",534
"('agad', 'namang')",534
"('ikaw', 'ang')",533
"('rin', 'si')",531
"('agad', 'siyang')",530
"('said', 'and')",529
"('muna', 'ako')",528
"('tao', 'sa')",528
"('na', 'kung')",528
"('as', 'i')",527
"('ang', 'ngiti')",526
"('i', 'think')",526
"('ang', 'iba')",525
"('ibig', 'sabihin')",525
"('pa', 'ito')",525
"('puno', 'ng')",522
"('ni', 'kuya')",522
"('ng', 'dalawang')",522
"('kaniya', 'si')",521
"('lumapit', 'sa')",521
"('ng', 'pinto')",520
"('wala', 'pa')",520
"('niya', 'saka')",520
"('ni', 'nightmare')",520
"('muli', 'ang')",520
"('nila', 'sa')",519
"('pa', 'sana')",518
"('lang', 'kami')",517
"('ako', 'ay')",516
"('itim', 'na')",516
"('na', 'talaga')",514
"('ako', 'hindi')",514
"('doon', 'sa')",514
"('nito', 'na')",514
"('ni', 'brix')",513
"('ko', 'para')",513
"('don', 'amadeo')",512
"('nga', 'ang')",511
"('ang', 'lalaking')",510
"('niya', 'habang')",509
"('rin', 'ng')",507
"('mata', 'niya')",506
"('sa', 'gulat')",503
"('ng', 'kanyang')",502
"('sa', 'ulo')",502
"('nang', 'may')",501
"('alam', 'na')",500
"('lang', 'po')",499
"('sasabihin', 'ko')",498
"('lahat', 'sa')",497
"('napatingin', 'naman')",497
"('ni', 'sebastian')",496
"('sa', 'mesa')",496
"('akin', 'ni')",495
"('ang', 'anak')",495
"('kong', 'tanong')",491
"('nang', 'hindi')",491
"('ni', 'gian')",491
"('tumayo', 'na')",490
"('na', 'yung')",489
"('nito', 'ay')",488
"('niya', 'hindi')",488
"('sa', 'iyong')",487
"('si', 'brix')",487
"('din', 'ng')",486
"('he', 'asked')",485
"('mga', 'kaibigan')",484
"('po', 'ang')",484
"('maging', 'ang')",483
"('kailangan', 'ko')",482
"('i', 'heard')",481
"('iyon', 'ang')",480
"('sila', 'ni')",479
"('na', 'wala')",479
"('maria', 'florencita')",479
"('kong', 'sabi')",479
"('na', 'para')",479
"('na', 'ko')",478
"('niya', 'sabay')",477
"('sabi', 'pa')",476
"('because', 'of')",476
"('at', 'naglakad')",476
"('pa', 'naman')",476
"('din', 'si')",474
"('siya', 'ay')",473
"('po', 'ako')",472
"('ng', 'lalaki')",471
"('nang', 'malalim')",468
"('niyo', 'na')",468
"('ni', 'loisa')",468
"('niya', 'nang')",468
"('ang', 'dalawa')",467
"('for', 'the')",466
"('noo', 'ko')",466
"('patuloy', 'niya')",465
"('ay', 'agad')",465
"('nakita', 'kong')",464
"('namin', 'ni')",462
"('pilit', 'na')",461
"('at', 'nakita')",461
"('im', 'not')",460
"('nya', 'ang')",460
"('going', 'to')",459
"('sa', 'mata')",459
"('di', 'ko')",458
"('if', 'you')",458
"('na', 'nila')",458
"('ni', 'leo')",457
"('at', 'kung')",457
"('kamay', 'ni')",457
"('niya', 'rin')",457
"('si', 'mama')",456
"('love', 'you')",455
"('ba', 'talaga')",455
"('hanggang', 'ngayon')",455
"('at', 'him')",455
"('sa', 'buhay')",455
"('babae', 'na')",455
"('i', 'need')",455
"('hindi', 'ito')",453
"('na', 'yon')",452
"('bago', 'pa')",452
"('hindi', 'man')",452
"('nararamdaman', 'ko')",451
"('nila', 'ako')",451
"('pabalik', 'sa')",451
"('mo', 'lang')",450
"('at', 'mga')",449
"('ko', 'ba')",448
"('sya', 'sa')",448
"('ramdam', 'ko')",448
"('what', 'i')",447
"('na', 'hawak')",447
"('mabuti', 'na')",446
"('ngiti', 'sa')",445
"('tiyak', 'na')",445
"('ni', 'mang')",444
"('juanito', 'at')",443
"('naman', 'siyang')",442
"('wala', 'siyang')",442
"('mukha', 'ni')",441
"('i', 'love')",441
"('lumabas', 'na')",441
"('niya', 'yung')",440
"('ang', 'isa')",440
"('naramdaman', 'ko')",440
"('for', 'a')",439
"('biglang', 'may')",439
"('ko', 'kasi')",439
"('iyon', 'na')",439
"('sa', 'braso')",436
"('napangiti', 'naman')",436
"('lugar', 'na')",436
"('mga', 'kamay')",436
"('pero', 'wala')",435
"('saad', 'niya')",435
"('ni', 'batchoy')",435
"('bahay', 'nila')",435
"('na', 'kayo')",434
"('din', 'naman')",434
"('bigla', 'akong')",434
"('ilang', 'minuto')",432
"('ng', 'babae')",432
"('si', 'maria')",432
"('rin', 'niya')",432
"('kayo', 'sa')",432
"('lang', 'talaga')",432
"('ang', 'pamilya')",431
"('ng', 'ilang')",431
"('agad', 'kong')",431
"('ay', 'wala')",431
"('niya', 'ngayon')",431
"('buong', 'paligid')",430
"('tugon', 'niya')",429
"('sa', 'yo')",428
"('ang', 'buhay')",428
"('sa', 'pinto')",428
"('ni', 'carmelita')",427
"('sagot', 'niya')",427
"('in', 'a')",426
"('nakatayo', 'sa')",426
"('at', 'parang')",426
"('me', 'i')",424
"('im', 'sorry')",423
"('mukha', 'ko')",422
"('tabi', 'ko')",421
"('marinig', 'ang')",421
"('sa', 'labi')",421
"('sa', 'isipan')",420
"('at', 'wala')",420
"('ni', 'angelie')",419
"('sa', 'puso')",419
"('ang', 'araw')",419
"('agad', 'naman')",419
"('ngiti', 'ni')",419
"('habang', 'si')",418
"('ng', 'dalaga')",418
"('dahil', 'dun')",418
"('my', 'head')",417
"('ang', 'unang')",417
"('nga', 'lang')",416
"('si', 'kuya')",415
"('lang', 'niya')",413
"('si', 'nightmare')",413
"('niya', 'sakin')",413
"('wika', 'niya')",412
"('lang', 'ito')",412
"('na', 'yan')",412
"('tayo', 'sa')",412
"('patuloy', 'ni')",411
"('si', 'madam')",411
"('ko', 'namang')",411
"('sakin', 'at')",410
"('pa', 'nga')",410
"('na', 'at')",410
"('salome', 'at')",410
"('luha', 'sa')",409
"('me', 'and')",407
"('you', 'can')",405
"('ni', 'leandro')",405
"('don', 'facundo')",405
"('lalaki', 'na')",404
"('rin', 'ito')",404
"('na', 'kaming')",404
"('kami', 'ngayon')",403
"('ng', 'pagkain')",403
"('silang', 'dalawa')",402
"('naman', 'kami')",402
"('ako', 'pero')",402
"('hindi', 'lang')",401
"('pa', 'ba')",401
"('po', 'ba')",401
"('sa', 'kalesa')",401
"('galit', 'na')",401
"('pa', 'man')",400
"('ni', 'aling')",400
"('sa', 'balikat')",399
"('don', 'matias')",398
"('kahit', 'papaano')",398
"('ng', 'hangin')",398
"('si', 'leo')",398
"('nga', 'ako')",398
"('ng', 'malakas')",398
"('iyon', 'at')",397
"('matapos', 'ang')",397
"('ako', 'para')",396
"('what', 'the')",395
"('hinawakan', 'ang')",395
"('niya', 'iyon')",395
"('ng', 'isa')",395
"('me', 'to')",395
"('ang', 'aming')",394
"('umalis', 'na')",394
"('at', 'ngayon')",394
"('nya', 'ako')",393
"('na', 'yun')",392
"('to', 'do')",391
"('one', 'of')",391
"('upang', 'hindi')",391
"('mo', 'bang')",391
"('sabay', 'tingin')",390
"('niya', 'pero')",390
"('ko', 'nga')",390
"('ni', 'adrian')",389
"('kasi', 'ang')",389
"('at', 'mukhang')",389
"('napatigil', 'siya')",389
"('you', 'want')",389
"('nang', 'bigla')",388
"('pa', 'si')",388
"('ni', 'lola')",388
"('parang', 'may')",388
"('kong', 'hindi')",388
"('ay', 'nasa')",387
"('akin', 'na')",387
"('sabi', 'nito')",387
"('ulo', 'ko')",386
"('na', 'mas')",386
"('susunod', 'na')",385
"('ng', 'tao')",385
"('ba', 'siya')",385
"('dahil', 'may')",383
"('is', 'the')",383
"('tugon', 'pa')",383
"('nasa', 'tabi')",383
"('ng', 'pamilya')",383
"('mga', 'gamit')",383
"('na', 'namin')",382
"('naglakad', 'na')",382
"('habang', 'ang')",382
"('out', 'of')",382
"('ng', 'iyong')",381
"('sakin', 'ni')",380
"('kay', 'don')",380
"('bakit', 'ba')",380
"('bigla', 'namang')",380
"('madam', 'costellanos')",380
"('habang', 'naglalakad')",379
"('ng', 'binata')",379
"('sa', 'maynila')",379
"('si', 'loisa')",379
"('ilalim', 'ng')",378
"('kwarto', 'ko')",378
"('ng', 'maayos')",378
"('ang', 'nangyari')",377
"('nang', 'matapos')",377
"('huwag', 'kang')",377
"('celestina', 'sa')",377
"('hindi', 'nila')",376
"('si', 'ama')",376
"('mata', 'at')",376
"('kinuha', 'ang')",376
"('dahil', 'ang')",374
"('pa', 'ring')",374
"('na', 'baka')",372
"('aalis', 'na')",372
"('tanong', 'ng')",371
"('kay', 'juanito')",371
"('kaniyang', 'ama')",371
"('lakas', 'ng')",371
"('kasama', 'ang')",371
"('nikolas', 'at')",370
"('ngayon', 'at')",370
"('on', 'his')",370
"('ay', 'mas')",370
"('na', 'niyang')",369
"('makita', 'ko')",368
"('wala', 'namang')",368
"('pero', 'sa')",368
"('ni', 'timoteo')",368
"('lang', 'at')",368
"('luha', 'ko')",368
"('si', 'fidel')",367
"('ang', 'sabi')",366
"('sa', 'school')",365
"('bumalik', 'sa')",365
"('at', 'walang')",365
"('malapit', 'na')",365
"('pinto', 'at')",365
"('kahit', 'anong')",364
"('dahil', 'wala')",364
"('ilang', 'beses')",364
"('ang', 'sakit')",364
"('kaming', 'dalawa')",363
"('sabay', 'ngiti')",362
"('maraming', 'salamat')",362
"('i', 'mean')",362
"('ni', 'enrique')",362
"('siya', 'kay')",362
"('napalingon', 'sa')",362
"('marahil', 'ay')",362
"('alam', 'ang')",362
"('nangyari', 'sa')",361
"('ni', 'tita')",360
"('na', 'mga')",359
"('niya', 'itong')",359
"('ka', 'naman')",359
"('sa', 'ibang')",358
"('tugon', 'ko')",358
"('sasabihin', 'niya')",358
"('she', 'was')",358
"('sabi', 'ng')",357
"('ko', 'sya')",357
"('ng', 'iba')",357
"('isat', 'isa')",356
"('sa', 'ilalim')",356
"('you', 'dont')",355
"('niya', 'kay')",355
"('ng', 'ulan')",355
"('if', 'i')",354
"('ang', 'may')",354
"('kumunot', 'ang')",354
"('silang', 'lahat')",354
"('ang', 'pakiramdam')",354
"('nila', 'at')",354
"('mga', 'labi')",353
"('naman', 'sila')",353
"('nalang', 'ako')",353
"('makita', 'si')",352
"('she', 'said')",352
"('dibdib', 'ko')",352
"('mga', 'rebelde')",351
"('ang', 'bibig')",351
"('may', 'isang')",351
"('don', 'mariano')",351
"('pa', 'kami')",351
"('sa', 'huli')",350
"('sa', 'upuan')",349
"('natapos', 'ni')",349
"('sige', 'na')",349
"('ko', 'po')",348
"('ni', 'ina')",348
"('ng', 'buhay')",348
"('nakaupo', 'sa')",347
"('at', 'si')",347
"('ng', 'mahigpit')",346
"('apat', 'na')",346
"('niya', 'kung')",346
"('his', 'eyes')",346
"('may', 'hawak')",345
"('na', 'silang')",345
"('hawak', 'niya')",345
"('nila', 'na')",345
"('ginawa', 'ko')",344
"('niyang', 'tanong')",344
"('ang', 'ibig')",344
"('wala', 'ng')",344
"('nga', 'ba')",344
"('salome', 'sa')",344
"('para', 'bang')",344
"('papasok', 'sa')",344
"('dont', 'want')",344
"('to', 'my')",343
"('know', 'what')",343
"('sa', 'pintuan')",343
"('for', 'me')",343
"('iba', 'pang')",343
"('ang', 'luha')",343
"('martin', 'sa')",343
"('tumango', 'ako')",342
"('for', 'you')",342
"('at', 'nang')",342
"('para', 'kay')",342
"('ng', 'mabuti')",342
"('ni', 'angelita')",342
"('pumunta', 'sa')",342
"('huwag', 'mo')",341
"('you', 'to')",341
"('sa', 'takot')",341
"('ang', 'dalaga')",341
"('ko', 'ito')",341
"('lumabas', 'ng')",341
"('at', 'ng')",340
"('sana', 'si')",340
"('na', 'nakatayo')",340
"('si', 'adrian')",340
"('namalayan', 'na')",339
"('dumating', 'na')",339
"('hawak', 'na')",339
"('magsasalita', 'pa')",339
"('ang', 'braso')",337
"('ni', 'ramcel')",337
"('na', 'walang')",337
"('and', 'the')",337
"('ang', 'hawak')",337
"('ang', 'loob')",337
"('sa', 'may')",336
"('ng', 'luha')",336
"('ng', 'damit')",335
"('sa', 'ginawa')",335
"('likod', 'ko')",335
"('po', 'kayo')",335
"('agad', 'niyang')",335
"('ko', 'i')",334
"('nay', 'delia')",334
"('when', 'he')",334
"('ang', 'gusto')",334
"('malalim', 'si')",334
"('naman', 'yung')",334
"('pala', 'ako')",333
"('niya', 'kaya')",332
"('ay', 'si')",332
"('so', 'i')",331
"('tinignan', 'ko')",331
"('nasa', 'likod')",331
"('sa', 'hindi')",331
"('sa', 'bayan')",330
"('lang', 'akong')",330
"('did', 'you')",330
"('ko', 'sabay')",330
"('lang', 'ba')",330
"('wala', 'ka')",329
"('sa', 'susunod')",329
"('katawan', 'ko')",329
"('matagal', 'na')",329
"('sa', 'kin')",329
"('sya', 'ng')",329
"('ulit', 'ako')",329
"('ni', 'patricio')",328
"('sa', 'lugar')",328
"('at', 'mabilis')",328
"('sa', 'inyong')",328
"('ko', 'iyon')",328
"('ako', 'naman')",328
"('buong', 'katawan')",327
"('ginagawa', 'mo')",327
"('kaya', 'naman')",327
"('sa', 'dibdib')",327
"('i', 'could')",326
"('ang', 'lalaki')",326
"('nang', 'makitang')",326
"('sigaw', 'ko')",325
"('my', 'heart')",325
"('mo', 'siya')",325
"('siya', 'dahil')",325
"('sakin', 'si')",324
"('ang', 'nasa')",324
"('ngiti', 'niya')",324
"('pa', 'nito')",324
"('wanted', 'to')",324
"('nakatitig', 'sa')",324
"('martin', 'at')",324
"('na', 'animoy')",323
"('kong', 'may')",323
"('ang', 'ginawa')",323
"('na', 'ulit')",322
"('ng', 'dugo')",322
"('gagawin', 'ko')",322
"('sa', 'kaba')",322
"('na', 'kaya')",321
"('braso', 'ko')",321
"('muli', 'sa')",320
"('a', 'lot')",320
"('ng', 'san')",320
"('gawa', 'sa')",320
"('si', 'carmelita')",320
"('ang', 'suot')",320
"('kung', 'may')",320
"('i', 'felt')",320
"('ba', 'sa')",320
"('habang', 'pinagmamasdan')",320
"('mukhang', 'hindi')",319
"('ngayon', 'ng')",319
"('si', 'hyungwon')",319
"('kung', 'nasaan')",319
"('siya', 'nito')",318
"('okay', 'lang')",317
"('isipan', 'ko')",317
"('kaniya', 'na')",317
"('pa', 'at')",316
"('sa', 'san')",316
"('bigla', 'na')",316
"('ko', 'sayo')",316
"('is', 'a')",316
"('tapos', 'na')",316
"('buhok', 'ko')",315
"('sa', 'totoo')",315
"('na', 'muna')",315
"('sa', 'likuran')",314
"('malapit', 'sa')",314
"('sa', 'inis')",313
"('nagsimula', 'na')",313
"('ako', 'kung')",313
"('ng', 'lalaking')",313
"('ko', 'din')",313
"('bakit', 'ka')",312
"('i', 'looked')",311
"('namin', 'at')",311
"('tiningnan', 'ko')",311
"('napangiti', 'ako')",311
"('nang', 'dahil')",311
"('si', 'leandro')",310
"('kaniyang', 'mukha')",310
"('to', 'go')",310
"('na', 'kita')",309
"('nya', 'sa')",309
"('dagdag', 'pa')",309
"('niya', 'para')",309
"('ba', 'kayo')",309
"('aking', 'sarili')",308
"('at', 'hinawakan')",308
"('tabi', 'ng')",308
"('ang', 'taong')",308
"('namin', 'na')",308
"('ngayon', 'ko')",308
"('bakas', 'sa')",307
"('tao', 'na')",307
"('ang', 'babae')",307
"('isang', 'malaking')",307
"('na', 'alam')",307
"('am', 'i')",306
"('ngayon', 'si')",306
"('lumabas', 'sa')",306
"('na', 'halos')",306
"('niya', 'alam')",306
"('bago', 'ako')",306
"('harapan', 'ko')",306
"('naman', 'ito')",305
"('lang', 'sila')",305
"('kuwintas', 'na')",305
"('pumasok', 'na')",304
"('sa', 'bibig')",304
"('malamig', 'na')",304
"('you', 'will')",304
"('na', 'nakatingin')",304
"('si', 'angelita')",304
"('lamang', 'ako')",303
"('bakit', 'mo')",303
"('napahinga', 'na')",303
"('ng', 'simbahan')",303
"('mga', 'oras')",303
"('buti', 'na')",302
"('si', 'enrique')",301
"('sa', 'bawat')",301
"('know', 'that')",300
"('pero', 'ang')",300
"('to', 'you')",300
"('nasa', 'loob')",300
"('kay', 'celestina')",300
"('na', 'gawa')",300
"('alam', 'pero')",299
"('kasi', 'ako')",299
"('sa', 'hacienda')",299
"('of', 'course')",299
"('what', 'happened')",299
"('pa', 'sila')",299
"('ilang', 'saglit')",299
"('ang', 'ganda')",298
"('tried', 'to')",298
"('ng', 'mukha')",298
"('kumuha', 'ng')",298
"('si', 'angelie')",298
"('in', 'front')",297
"('mga', 'magulang')",297
"('kaya', 'lang')",297
"('he', 'looked')",297
"('bahagi', 'ng')",297
"('kailangan', 'kong')",297
"('wala', 'kang')",296
"('sa', 'pamilya')",296
"('they', 'are')",295
"('bago', 'siya')",295
"('na', 'nang')",295
"('tanong', 'nito')",295
"('malakas', 'ang')",295
"('inis', 'na')",294
"('totoo', 'lang')",294
"('ko', 'sila')",294
"('you', 'have')",294
"('at', 'saka')",294
"('sa', 'kabila')",293
"('ako', 'habang')",293
"('sakin', 'ang')",293
"('muna', 'ang')",293
"('naman', 'talaga')",293
"('ang', 'ilan')",293
"('hinawakan', 'ni')",292
"('siya', 'nga')",292
"('pa', 'akong')",291
"('ni', 'papa')",291
"('kundi', 'ang')",291
"('ang', 'balikat')",291
"('ni', 'hyungwon')",291
"('at', 'mas')",291
"('anong', 'ginagawa')",290
"('kamay', 'sa')",290
"('hinawakan', 'niya')",290
"('tell', 'me')",290
"('sa', 'leeg')",290
"('with', 'me')",290
"('kayo', 'ng')",289
"('bakit', 'parang')",289
"('ni', 'josefina')",289
"('from', 'the')",289
"('malaman', 'kung')",289
"('ni', 'fate')",289
"('ni', 'henry')",288
"('with', 'a')",288
"('ang', 'dahilan')",288
"('ang', 'totoo')",288
"('sa', 'iba')",288
"('patuloy', 'na')",287
"('that', 'you')",287
"('agad', 'ang')",287
"('kahit', 'hindi')",287
"('ang', 'paligid')",287
"('at', 'napatingin')",287
"('we', 'are')",286
"('ni', 'william')",286
"('at', 'tumingin')",286
"('maria', 'at')",285
"('ginawa', 'niya')",285
"('ulit', 'ang')",285
"('hindi', 'sila')",285
"('na', 'tila')",284
"('ang', 'gagawin')",284
"('bukod', 'doon')",284
"('bulong', 'ni')",283
"('bulong', 'ko')",283
"('of', 'me')",283
"('the', 'way')",283
"('bibig', 'ko')",283
"('dahilan', 'kung')",282
"('ibig', 'kong')",282
"('tara', 'na')",282
"('ni', 'zian')",282
"('ni', 'manang')",281
"('like', 'a')",281
"('nakikita', 'ko')",281
"('panimula', 'ni')",281
"('the', 'first')",281
"('ay', 'isang')",281
"('mabilis', 'akong')",281
"('to', 'him')",281
"('kaya', 'pala')",280
"('sabay', 'turo')",280
"('isang', 'araw')",280
"('kamay', 'at')",279
"('boses', 'ni')",279
"('was', 'a')",279
"('na', 'dapat')",279
"('na', 'ikinagulat')",278
"('napansin', 'ko')",278
"('at', 'halos')",278
"('nikolas', 'sa')",278
"('i', 'couldnt')",278
"('may', 'gusto')",278
"('by', 'the')",278
"('at', 'niyakap')",278
"('ama', 'na')",277
"('ama', 'at')",277
"('kanya', 'at')",277
"('right', 'now')",277
"('i', 'really')",276
"('rin', 'akong')",276
"('sana', 'siya')",276
"('started', 'to')",275
"('ng', 'ibang')",275
"('doon', 'ay')",275
"('lang', 'ni')",275
"('marinig', 'ko')",275
"('umupo', 'sa')",275
"('napapikit', 'na')",275
"('kanya', 'ang')",274
"('isang', 'babae')",274
"('napatango', 'naman')",274
"('pinto', 'ng')",274
"('mga', 'babae')",274
"('na', 'nararamdaman')",274
"('lang', 'dahil')",274
"('mukha', 'nito')",274
"('dahil', 'baka')",274
"('front', 'of')",274
"('the', 'same')",274
"('balikat', 'ko')",273
"('namin', 'ay')",273
"('sa', 'ating')",272
"('ko', 'agad')",272
"('hinawakan', 'ko')",272
"('tanong', 'sa')",272
"('bumukas', 'ang')",272
"('ng', 'pintuan')",272
"('inspector', 'cha')",272
"('kaming', 'lahat')",272
"('you', 'i')",271
"('ito', 'nang')",271
"('si', 'mang')",271
"('nakatingin', 'lang')",271
"('harap', 'ng')",271
"('ngunit', 'napatigil')",271
"('ng', 'babaeng')",271
"('nagsalita', 'si')",271
"('looking', 'at')",271
"('mga', 'anak')",270
"('natapos', 'ang')",270
"('maganda', 'ang')",270
"('ng', 'mata')",270
"('ko', 'talaga')",270
"('ba', 'naman')",270
"('kay', 'salome')",269
"('ng', 'kamay')",269
"('na', 'ring')",269
"('ni', 'leon')",269
"('so', 'much')",269
"('kapatid', 'ko')",269
"('na', 'dahil')",269
"('mo', 'rin')",268
"('with', 'you')",268
"('na', 'sigaw')",268
"('mismo', 'ang')",268
"('anak', 'ni')",268
"('said', 'at')",268
"('mga', 'tauhan')",268
"('sa', 'kung')",268
"('celestina', 'at')",267
"('sa', 'hagdan')",267
"('at', 'pilit')",267
"('napalingon', 'ako')",267
"('si', 'marcus')",266
"('malalim', 'na')",266
"('each', 'other')",266
"('ilang', 'araw')",266
"('iyon', 'ng')",266
"('sa', 'lalaking')",266
"('ko', 'muna')",266
"('noo', 'ni')",266
"('pala', 'si')",265
"('ng', 'hagdan')",265
"('to', 'get')",265
"('tulad', 'ng')",265
"('ba', 'akong')",265
"('dahil', 'biglang')",265
"('ng', 'anak')",264
"('in', 'this')",264
"('kung', 'gaano')",264
"('pinagmamasdan', 'ang')",264
"('ilang', 'segundo')",263
"('i', 'thought')",263
"('ang', 'atensyon')",263
"('sa', 'pagitan')",263
"('tingin', 'ang')",263
"('lets', 'go')",263
"('tumango', 'naman')",263
"('sa', 'tanong')",262
"('at', 'muling')",262
"('siya', 'pero')",262
"('because', 'i')",262
"('isang', 'tao')",262
"('sigaw', 'ng')",261
"('nang', 'makarating')",261
"('aking', 'kamay')",261
"('tabi', 'niya')",261
"('paano', 'kung')",261
"('ang', 'bawat')",261
"('with', 'the')",261
"('ni', 'kihyun')",261
"('tuluyan', 'nang')",260
"('ang', 'hindi')",260
"('tingin', 'niya')",260
"('wala', 'sa')",260
"('lahat', 'na')",260
"('ng', 'gabi')",259
"('nagtatakang', 'tanong')",259
"('ngunit', 'sa')",259
"('ni', 'supremo')",259
"('ni', 'niyong')",259
"('to', 'see')",259
"('isang', 'lalaki')",259
"('ni', 'hukom')",259
"('lady', 'grenda')",258
"('ang', 'ibang')",258
"('papaano', 'ay')",258
"('hindi', 'kami')",258
"('at', 'kinuha')",258
"('ni', 'lorenzo')",258
"('he', 'is')",258
"('ako', 'kaya')",257
"('ay', 'parang')",257
"('ka', 'nang')",257
"('takot', 'na')",257
"('natigilan', 'ako')",256
"('si', 'henry')",256
"('ng', 'ulo')",256
"('ako', 'bago')",255
"('kaniyang', 'kamay')",255
"('ikaw', 'na')",255
"('ni', 'alaska')",255
"('napatigil', 'si')",255
"('ng', 'alak')",255
"('like', 'that')",254
"('sa', 'pagkain')",254
"('that', 'was')",254
"('anong', 'nangyari')",254
"('ano', 'na')",254
"('ngayon', 'dahil')",253
"('na', 'mahal')",253
"('why', 'are')",253
"('salome', 'ang')",253
"('ako', 'saka')",253
"('na', 'sya')",253
"('lalo', 'akong')",253
"('mga', 'estudyante')",253
"('nakita', 'niya')",253
"('mga', 'kasamahan')",253
"('just', 'a')",253
"('doña', 'emilia')",252
"('ka', 'rin')",252
"('sa', 'huling')",252
"('ko', 'pang')",252
"('kami', 'at')",252
"('ako', 'kasi')",252
"('sa', 'itaas')",252
"('dahil', 'alam')",252
"('si', 'lorenzo')",252
"('tawag', 'ni')",252
"('no', 'one')",252
"('sa', 'isip')",252
"('martin', 'na')",252
"('sa', 'babaeng')",251
"('mata', 'nito')",251
"('ng', 'bintana')",251
"('its', 'not')",251
"('ulit', 'sa')",251
"('i', 'smiled')",251
"('kasama', 'ko')",251
"('pati', 'na')",250
"('ni', 'ginoong')",250
"('dalawa', 'ni')",250
"('na', 'kanina')",250
"('ang', 'huling')",250
"('me', 'a')",250
"('si', 'gian')",250
"('kaibigan', 'ko')",249
"('sinubukan', 'kong')",249
"('be', 'a')",249
"('pagkatapos', 'ay')",249
"('na', 'itong')",249
"('talaga', 'siya')",249
"('tuluyan', 'na')",249
"('ay', 'walang')",248
"('maestra', 'villareal')",248
"('sirene', 'at')",248
"('sila', 'at')",248
"('si', 'batchoy')",248
"('sa', 'sakit')",248
"('ka', 'nga')",248
"('ang', 'nararamdaman')",248
"('ngayon', 'na')",248
"('ng', 'araw')",247
"('at', 'ngumiti')",247
"('mata', 'ng')",247
"('kaniyang', 'puso')",247
"('mama', 'at')",247
"('kama', 'at')",247
"('na', 'tugon')",247
"('pamilyar', 'na')",247
"('di', 'ba')",246
"('dami', 'ng')",246
"('namin', 'si')",246
"('what', 'do')",246
"('ikaw', 'ay')",246
"('rin', 'siyang')",246
"('muli', 'ni')",246
"('ni', 'night')",246
"('tibok', 'ng')",246
"('nagtungo', 'sa')",246
"('natin', 'ang')",245
"('at', 'her')",245
"('hindi', 'nga')",245
"('iyon', 'hindi')",245
"('ako', 'dito')",245
"('nakatingin', 'ng')",245
"('kinuha', 'niya')",245
"('parang', 'hindi')",245
"('ko', 'namalayan')",245
"('and', 'he')",245
"('naramdaman', 'kong')",244
"('akalain', 'na')",244
"('sa', 'noo')",244
"('ang', 'lumipas')",244
"('gusto', 'mong')",244
"('pero', 'bakit')",244
"('din', 'niya')",243
"('kaya', 'ang')",243
"('iyong', 'ama')",243
"('ang', 'tungkol')",243
"('ang', 'dami')",243
"('sa', 'isatisa')",243
"('paliwanag', 'ni')",243
"('ayos', 'lang')",242
"('sa', 'galit')",242
"('lahat', 'at')",242
"('ang', 'sinasabi')",242
"('rin', 'sila')",241
"('sabay', 'abot')",241
"('juanito', 'sa')",241
"('tumayo', 'si')",241
"('niya', 'dahilan')",241
"('natawa', 'na')",240
"('all', 'of')",240
"('ibang', 'tao')",240
"('bag', 'ko')",240
"('niyon', 'ay')",240
"('tumigil', 'ang')",240
"('ni', 'heneral')",240
"('sa', 'katawan')",240
"('mo', 'ko')",240
"('why', 'i')",240
"('bumalik', 'na')",239
"('maging', 'si')",239
"('buhay', 'ko')",239
"('iyon', 'ni')",239
"('paligid', 'at')",239
"('huwag', 'ka')",239
"('pero', 'agad')",239
"('sa', 'silid')",239
"('ngayon', 'hindi')",239
"('sabihin', 'mo')",239
"('aling', 'coring')",239
"('kasabay', 'ng')",239
"('ni', 'angel')",239
"('pangalan', 'ng')",239
"('ang', 'katawan')",239
"('rito', 'sa')",238
"('at', 'akmang')",238
"('na', 'isang')",238
"('mukha', 'ng')",238
"('tayo', 'ng')",238
"('lang', 'siyang')",237
"('that', 'he')",237
"('ba', 'si')",237
"('bigla', 'niyang')",237
"('na', 'kahit')",237
"('dumating', 'ang')",237
"('si', 'aling')",236
"('nakasuot', 'ng')",236
"('nikolas', 'na')",236
"('ngayon', 'ni')",236
"('lang', 'hindi')",236
"('tumingin', 'ako')",236
"('bigla', 'kong')",236
"('this', 'time')",235
"('rin', 'kami')",235
"('mo', 'si')",235
"('what', 'are')",235
"('malaki', 'ang')",235
"('isa', 'pang')",235
"('at', 'kahit')",235
"('the', 'hell')",235
"('wala', 'nang')",234
"('ako', 'i')",234
"('habang', 'nakatitig')",234
"('tahimik', 'lang')",234
"('to', 'say')",234
"('ng', 'sasakyan')",234
"('don', 'samuel')",234
"('umiling', 'ako')",234
"('sa', 'isat')",234
"('ang', 'bahala')",234
"('ko', 'kanina')",233
"('si', 'fate')",233
"('talaga', 'ng')",233
"('muli', 'si')",233
"('heneral', 'seleno')",233
"('ni', 'lady')",233
"('niyo', 'po')",233
"('ko', 'sana')",233
"('ay', 'nakita')",233
"('hawak', 'sa')",232
"('to', 'her')",232
"('babae', 'sa')",232
"('sinasabi', 'niya')",232
"('kay', 'sirene')",232
"('pala', 'sa')",232
"('ito', 'hindi')",232
"('napatingin', 'siya')",231
"('sa', 'kotse')",231
"('of', 'his')",231
"('ako', 'lang')",231
"('lady', 'astra')",231
"('hawak', 'ko')",231
"('all', 'the')",231
"('ang', 'naging')",231
"('martin', 'ang')",231
"('my', 'lips')",231
"('at', 'bigla')",230
"('sa', 'panahong')",230
"('ng', 'matanda')",229
"('niyang', 'sabi')",229
"('ang', 'lakas')",229
"('ang', 'tinutukoy')",229
"('see', 'you')",229
"('patuloy', 'ko')",229
"('sakin', 'na')",229
"('sarili', 'sa')",229
"('sirene', 'na')",229
"('as', 'he')",228
"('nang', 'maramdaman')",228
"('aking', 'puso')",228
"('sasabihin', 'dahil')",228
"('tumango', 'na')",228
"('sa', 'ibabaw')",228
"('sambit', 'ni')",228
"('ang', 'paningin')",227
"('sa', 'ere')",227
"('sinasabi', 'ko')",227
"('huminga', 'ako')",227
"('ni', 'theresita')",227
"('hindi', 'nya')",227
"('agad', 'ko')",227
"('si', 'ginoong')",227
"('sila', 'ay')",226
"('ng', 'kaunti')",226
"('was', 'the')",226
"('ko', 'bago')",226
"('ni', 'miesza')",226
"('to', 'know')",226
"('with', 'my')",226
"('mabuti', 'ang')",226
"('ni', 'doña')",226
"('naman', 'po')",226
"('ngunit', 'wala')",226
"('lord', 'severo')",226
"('dumating', 'si')",225
"('lot', 'of')",225
"('na', 'sagot')",225
"('is', 'not')",225
"('siya', 'hindi')",225
"('sa', 'daan')",225
"('pa', 'pala')",225
"('look', 'at')",224
"('sabay', 'hawak')",224
"('bata', 'pa')",224
"('habang', 'nasa')",224
"('the', 'one')",224
"('beses', 'na')",224
"('si', 'manang')",224
"('mo', 'ng')",224
"('ni', 'erikson')",224
"('sunodsunod', 'na')",224
"('tao', 'ang')",224
"('fidel', 'at')",224
"('is', 'it')",223
"('si', 'tita')",223
"('tingin', 'mo')",223
"('dulo', 'ng')",223
"('at', 'lumabas')",223
"('ang', 'tatlong')",223
"('ngayon', 'lang')",223
"('guardia', 'personal')",223
"('ang', 'inyong')",222
"('dahandahan', 'akong')",222
"('i', 'told')",222
"('ba', 'tanong')",222
"('babae', 'at')",222
"('sino', 'ba')",222
"('mga', 'bagay')",222
"('ang', 'magiging')",221
"('na', 'natin')",221
"('ni', 'rence')",221
"('para', 'mas')",221
"('celestina', 'ang')",221
"('thats', 'why')",221
"('tumayo', 'at')",221
"('about', 'to')",221
"('ng', 'aming')",220
"('let', 'me')",220
"('at', 'nagsimula')",220
"('naman', 'pala')",220
"('parang', 'biglang')",220
"('ng', 'loob')",220
"('nila', 'ni')",220
"('kasama', 'si')",220
"('i', 'feel')",220
"('kayo', 'ni')",219
"('batid', 'kong')",219
"('back', 'to')",219
"('ang', 'kapatid')",219
"('kuya', 'miggy')",219
"('ng', 'paraan')",218
"('pintuan', 'ng')",218
"('can', 'i')",218
"('ko', 'nalang')",218
"('pang', 'mga')",218
"('sa', 'sofa')",218
"('ang', 'daan')",218
"('kaniyang', 'sasabihin')",218
"('bahay', 'na')",218
"('pero', 'alam')",218
"('ang', 'totoong')",218
"('mga', 'kaklase')",217
"('tabi', 'ni')",217
"('habang', 'nakangiti')",217
"('as', 'a')",217
"('the', 'only')",217
"('isa', 'pa')",217
"('napatingin', 'si')",217
"('pala', 'siya')",217
"('ni', 'marcus')",217
"('anak', 'ko')",216
"('na', 'iyan')",216
"('first', 'time')",216
"('nang', 'magsalita')",216
"('sa', 'ibaba')",216
"('of', 'you')",216
"('agad', 'ako')",216
"('ng', 'kilay')",216
"('mo', 'at')",216
"('dont', 'worry')",216
"('ito', 'dahil')",215
"('si', 'lady')",215
"('i', 'still')",215
"('napalingon', 'naman')",215
"('mang', 'eslao')",215
"('mga', 'sinabi')",215
"('man', 'ang')",215
"('you', 'need')",215
"('kanyang', 'mukha')",215
"('ang', 'dapat')",214
"('ni', 'feliciano')",214
"('ng', 'baril')",214
"('ng', 'tulong')",214
"('saan', 'ka')",214
"('nikolas', 'ang')",214
"('ang', 'phone')",214
"('salome', 'na')",213
"('nasa', 'harapan')",213
"('kaniya', 'hindi')",213
"('in', 'his')",213
"('naman', 'silang')",213
"('kanilang', 'dalawa')",213
"('sa', 'simbahan')",213
"('ng', 'kotse')",213
"('but', 'he')",213
"('labi', 'ko')",213
"('si', 'niyong')",213
"('binuksan', 'ang')",212
"('at', 'hinila')",212
"('gabi', 'na')",212
"('sa', 'dalawang')",212
"('na', 'kulay')",212
"('hindi', 'dapat')",212
"('ngiti', 'ko')",212
"('ni', 'jen')",212
"('ng', 'kama')",212
"('wala', 'rin')",212
"('ang', 'binata')",212
"('gaya', 'ng')",212
"('lamang', 'siya')",212
"('saka', 'naglakad')",211
"('is', 'that')",211
"('napahawak', 'ako')",211
"('naman', 'kaming')",211
"('na', 'puno')",211
"('naman', 'kasi')",211
"('na', 'kailangan')",211
"('sa', 'pisngi')",211
"('nilang', 'dalawa')",211
"('sa', 'pwesto')",211
"('ibabaw', 'ng')",211
"('nawala', 'ang')",211
"('time', 'i')",211
"('lang', 'yung')",211
"('kay', 'sebastian')",210
"('tahimik', 'na')",210
"('ng', 'may')",210
"('lolo', 'gil')",210
"('reklamo', 'ni')",210
"('sa', 'atin')",210
"('pero', 'may')",210
"('mo', 'nga')",210
"('ang', 'tanging')",209
"('like', 'this')",209
"('takbo', 'ng')",209
"('ang', 'dibdib')",209
"('can', 'you')",209
"('tingin', 'ni')",209
"('ko', 'ulit')",209
"('tingin', 'kay')",209
"('bakit', 'ako')",209
"('sa', 'salas')",209
"('iba', 'ang')",209
"('lang', 'pala')",208
"('sa', 'dami')",208
"('at', 'isang')",208
"('manang', 'dominga')",208
"('ng', 'kalesa')",208
"('ng', 'buwan')",208
"('ito', 'ni')",208
"('yung', 'sasabihin')",208
"('nila', 'si')",207
"('it', 'i')",207
"('aling', 'pacing')",207
"('phone', 'ko')",207
"('si', 'ramcel')",207
"('ama', 'sa')",207
"('humingi', 'ng')",207
"('pero', 'parang')",207
"('i', 'did')",207
"('buhay', 'na')",206
"('mahal', 'na')",206
"('hindi', 'kita')",206
"('madilim', 'na')",206
"('si', 'mozy')",206
"('gusto', 'niyang')",206
"('it', 'is')",206
"('his', 'head')",206
"('ng', 'taong')",206
"('at', 'baka')",206
"('sumunod', 'sa')",206
"('ba', 'yung')",206
"('na', 'isa')",206
"('bahay', 'at')",206
"('patay', 'na')",205
"('commander', 'dado')",205
"('habang', 'patuloy')",205
"('mga', 'damit')",205
"('kay', 'sir')",205
"('tama', 'nga')",205
"('anak', 'na')",205
"('mo', 'tanong')",205
"('rin', 'na')",205
"('sa', 'salamin')",204
"('of', 'them')",204
"('sa', 'malaking')",204
"('kaya', 'nga')",204
"('tunay', 'na')",204
"('kind', 'of')",204
"('ni', 'nay')",203
"('puso', 'niya')",203
"('kita', 'sa')",203
"('ni', 'hindi')",203
"('si', 'papa')",203
"('kanina', 'sa')",203
"('to', 'make')",203
"('si', 'miesza')",203
"('at', 'ako')",202
"('tingin', 'si')",202
"('utak', 'ko')",202
"('alejandro', 'at')",202
"('sa', 'kinatatayuan')",202
"('na', 'kasi')",202
"('na', 'mukhang')",202
"('do', 'it')",202
"('ng', 'tatlong')",202
"('din', 'ni')",202
"('sa', 'dulo')",202
"('bakit', 'ang')",202
"('ng', 'school')",202
"('naabutan', 'ko')",202
"('tumango', 'lang')",202
"('away', 'from')",202
"('with', 'her')",202
"('na', 'huwag')",202
"('baka', 'may')",201
"('kayat', 'hindi')",201
"('he', 'just')",201
"('sabihin', 'sa')",201
"('na', 'ngiti')",201
"('ang', 'batang')",200
"('ibig', 'mong')",200
"('sigaw', 'niya')",200
"('sa', 'bulsa')",200
"('ang', 'cellphone')",200
"('my', 'mind')",200
"('hindi', 'namin')",200
"('noon', 'sa')",200
"('si', 'josefina')",200
"('dont', 'have')",200
"('tanong', 'pa')",200
"('na', 'ginawa')",200
"('of', 'a')",200
"('its', 'a')",200
"('wika', 'ng')",200
"('ang', 'malakas')",200
"('akin', 'ng')",200
"('sa', 'malayo')",200
"('sa', 'kalangitan')",200
"('you', 'for')",200
"('gusto', 'niya')",199
"('stared', 'at')",199
"('manang', 'estelita')",199
"('makapal', 'na')",199
"('sa', 'maliit')",199
"('pa', 'lamang')",199
"('ang', 'bagay')",199
"('ang', 'kulay')",199
"('batid', 'niyang')",199
"('celestina', 'na')",198
"('kaniyang', 'ina')",198
"('si', 'karis')",198
"('lumapit', 'ako')",198
"('magkaroon', 'ng')",198
"('ni', 'athena')",198
"('i', 'tried')",198
"('galing', 'sa')",198
"('nightmare', 'at')",198
"('sabay', 'na')",197
"('na', 'kasama')",197
"('made', 'me')",197
"('lalaking', 'iyon')",197
"('paningin', 'ko')",197
"('ka', 'niya')",197
"('ko', 'tuloy')",197
"('ang', 'kilay')",197
"('ni', 'alex')",197
"('ni', 'helena')",197
"('trying', 'to')",197
"('ay', 'tila')",197
"('audrey', 'sa')",197
"('ni', 'minhyuk')",197
"('ng', 'katawan')",197
"('papel', 'na')",196
"('i', 'wanted')",196
"('the', 'door')",196
"('ako', 'sayo')",196
"('kasama', 'niya')",196
"('ng', 'silid')",196
"('hindi', 'bat')",196
"('utos', 'ni')",196
"('saka', 'tumingin')",196
"('ang', 'ating')",196
"('napangiti', 'na')",196
"('ang', 'tanong')",196
"('batang', 'babae')",195
"('magsalita', 'si')",195
"('ang', 'pisngi')",195
"('know', 'how')",195
"('you', 'cant')",195
"('ay', 'biglang')",195
"('the', 'most')",195
"('hawak', 'ang')",195
"('nagpatuloy', 'na')",195
"('sirene', 'sa')",195
"('mata', 'sa')",195
"('makapaniwala', 'na')",195
"('just', 'like')",195
"('sa', 'matinding')",195
"('kamay', 'ng')",195
"('lamang', 'sa')",194
"('din', 'sila')",194
"('ng', 'ganito')",194
"('alam', 'niyang')",194
"('ang', 'tawag')",194
"('asked', 'him')",194
"('at', 'tumango')",194
"('pangalan', 'ko')",194
"('you', 'think')",194
"('na', 'maging')",194
"('si', 'zian')",194
"('sa', 'daungan')",193
"('ginagawa', 'niya')",193
"('abala', 'sa')",193
"('gumawa', 'ng')",193
"('si', 'erikson')",193
"('kay', 'lucas')",193
"('now', 'i')",193
"('iyon', 'dahil')",193
"('at', 'ilang')",193
"('i', 'would')",193
"('me', 'that')",193
"('pagkatapos', 'ng')",193
"('what', 'he')",193
"('na', 'namang')",192
"('na', 'nakaupo')",192
"('ang', 'malaking')",192
"('sa', 'dalaga')",192
"('of', 'this')",192
"('kailangan', 'mo')",192
"('mga', 'salitang')",192
"('at', 'tinignan')",192
"('si', 'zion')",192
"('kapag', 'may')",191
"('huwag', 'na')",191
"('binuksan', 'ko')",191
"('gobernador', 'flores')",191
"('pa', 'siyang')",191
"('nila', 'ay')",191
"('hindi', 'talaga')",191
"('dahil', 'mukhang')",191
"('ang', 'damit')",191
"('pangalan', 'ni')",191
"('bahay', 'ni')",191
"('para', 'lang')",191
"('didnt', 'know')",191
"('he', 'didnt')",191
"('about', 'it')",191
"('huwag', 'mong')",190
"('kay', 'martin')",190
"('ang', 'dugo')",190
"('sa', 'nangyari')",190
"('out', 'a')",190
"('i', 'do')",190
"('ang', 'ginagawa')",190
"('ewan', 'ko')",190
"('lalo', 'nat')",190
"('niyo', 'ang')",190
"('ni', 'mozy')",190
"('na', 'muli')",190
"('at', 'doon')",190
"('anong', 'gagawin')",190
"('din', 'ito')",190
"('kay', 'brix')",190
"('habang', 'hawak')",190
"('ni', 'tonyo')",189
"('harapan', 'niya')",189
"('bago', 'ko')",189
"('sa', 'hukuman')",189
"('kang', 'magalala')",189
"('sa', 'classroom')",189
"('ilang', 'mga')",189
"('noong', 'isang')",189
"('ng', 'kung')",189
"('dito', 'na')",189
"('nga', 'siya')",189
"('na', 'wika')",189
"('i', 'should')",189
"('taon', 'na')",189
"('ibig', 'ko')",189
"('like', 'you')",188
"('wag', 'mo')",188
"('tingin', 'ng')",188
"('kahit', 'kailan')",188
"('kasabay', 'niyon')",188
"('ganda', 'ng')",188
"('nang', 'mapagtanto')",188
"('si', 'william')",188
"('kayong', 'dalawa')",187
"('na', 'suot')",187
"('pa', 'talaga')",187
"('be', 'the')",187
"('tumigil', 'na')",187
"('si', 'ate')",187
"('nagkaroon', 'ng')",187
"('na', 'saad')",187
"('ka', 'talaga')",187
"('kaya', 'agad')",187
"('sa', 'lamesa')",187
"('si', 'helena')",187
"('tawa', 'ni')",187
"('ginoong', 'valdez')",187
"('mo', 'ay')",187
"('ng', 'ating')",186
"('paano', 'mo')",186
"('kami', 'nang')",186
"('kasi', 'hindi')",186
"('they', 'were')",186
"('kanila', 'ang')",186
"('wika', 'nito')",186
"('napansin', 'na')",186
"('po', 'sa')",186
"('tay', 'isko')",186
"('ang', 'itsura')",186
"('sana', 'ang')",186
"('ang', 'usapan')",185
"('boses', 'niya')",185
"('siya', 'habang')",185
"('on', 'her')",185
"('his', 'face')",185
"('lang', 'nila')",185
"('na', 'ikaw')",185
"('aming', 'mga')",185
"('tama', 'na')",185
"('ng', 'puno')",185
"('ang', 'pagkain')",184
"('at', 'lumapit')",184
"('said', 'while')",184
"('at', 'pumasok')",184
"('ang', 'laman')",184
"('mga', 'kasama')",184
"('ng', 'buong')",184
"('i', 'knew')",184
"('mo', 'nang')",184
"('ko', 'wala')",184
"('kanila', 'at')",184
"('ng', 'buhok')",184
"('sa', 'sariling')",184
"('si', 'patricio')",184
"('told', 'me')",184
"('have', 'to')",184
"('a', 'good')",183
"('ngunit', 'ang')",183
"('ang', 'bahay')",183
"('bumaba', 'na')",183
"('i', 'hope')",183
"('ngumiti', 'siya')",183
"('wala', 'pang')",183
"('ng', 'masama')",183
"('hindi', 'niyo')",183
"('si', 'minhyuk')",183
"('nagulat', 'naman')",183
"('tiya', 'mila')",183
"('kay', 'nikolas')",183
"('alam', 'niya')",183
"('ilang', 'oras')",183
"('nga', 'si')",183
"('akong', 'nagawa')",183
"('at', 'umupo')",183
"('kwarto', 'ni')",182
"('na', 'naglalakad')",182
"('mo', 'akong')",182
"('na', 'hangin')",182
"('do', 'that')",182
"('naglakad', 'papunta')",182
"('ayaw', 'mo')",182
"('na', 'gusto')",182
"('naglakad', 'papalapit')",182
"('sapat', 'na')",182
"('mo', 'hindi')",182
"('ng', 'dalawa')",182
"('ng', 'oras')",182
"('lalaki', 'sa')",182
"('mo', 'kung')",182
"('and', 'then')",182
"('at', 'alam')",181
"('mahal', 'ko')",181
"('sabi', 'naman')",181
"('at', 'my')",181
"('nang', 'maalala')",181
"('nang', 'mapansin')",181
"('ng', 'ito')",180
"('reklamo', 'ko')",180
"('lang', 'sana')",180
"('mga', 'libro')",180
"('not', 'a')",180
"('nagulat', 'siya')",180
"('let', 'out')",180
"('ibang', 'mga')",180
"('lang', 'tayo')",180
"('ng', 'malay')",180
"('si', 'lola')",180
"('sumunod', 'na')",180
"('turo', 'sa')",180
"('lucas', 'sa')",180
"('ngumiti', 'ako')",180
"('told', 'you')",180
"('salamat', 'sa')",180
"('at', 'umalis')",180
"('palabas', 'ng')",180
"('mabilis', 'kong')",180
"('pagdating', 'sa')",180
"('ko', 'sanang')",180
"('ako', 'makapaniwala')",179
"('namin', 'siya')",179
"('sa', 'anak')",179
"('na', 'gulat')",179
"('ang', 'pagiging')",179
"('akong', 'napatingin')",179
"('what', 'is')",179
"('wag', 'kang')",179
"('ni', 'chelsea')",179
"('as', 'if')",178
"('wika', 'pa')",178
"('at', 'least')",178
"('hanggat', 'hindi')",178
"('kaniya', 'ng')",178
"('ko', 'maintindihan')",178
"('ikaw', 'ba')",178
"('ang', 'likod')",178
"('her', 'eyes')",178
"('pero', 'mas')",178
"('ang', 'labi')",178
"('sir', 'albert')",178
"('okay', 'na')",177
"('sa', 'taas')",177
"('ilan', 'sa')",177
"('you', 'like')",177
"('habang', 'ako')",177
"('ano', 'pa')",177
"('nandito', 'na')",177
"('mapigilan', 'ang')",177
"('na', 'malapit')",177
"('ko', 'ring')",177
"('ko', 'sakanya')",177
"('ito', 'pero')",177
"('kaya', 'ko')",177
"('ang', 'baril')",177
"('rin', 'pala')",177
"('nito', 'habang')",177
"('lalaki', 'ang')",177
"('ko', 'may')",177
"('kaniyang', 'sarili')",176
"('kay', 'ama')",176
"('i', 'nodded')",176
"('na', 'lalaki')",176
"('si', 'timoteo')",176
"('ni', 'connor')",176
"('labis', 'na')",176
"('him', 'i')",176
"('paano', 'ko')",176
"('sakit', 'na')",176
"('said', 'to')",176
"('sabi', 'sa')",176
"('you', 'he')",175
"('noong', 'mga')",175
"('sa', 'room')",175
"('sa', 'wakas')",175
"('it', 'to')",175
"('aking', 'labi')",175
"('sabay', 'kaming')",175
"('sa', 'tahanan')",175
"('ni', 'esmeralda')",175
"('pagbagsak', 'ng')",175
"('po', 'si')",175
"('bukod', 'sa')",175
"('suot', 'na')",175
"('juanito', 'na')",175
"('nila', 'ng')",175
"('ni', 'luz')",175
"('lahat', 'ay')",175
"('araw', 'ng')",175
"('at', 'bakit')",174
"('ako', 'nakapagsalita')",174
"('nakita', 'ang')",174
"('kami', 'na')",174
"('ang', 'sasakyan')",174
"('tumingin', 'siya')",174
"('sabihin', 'na')",174
"('of', 'her')",174
"('lolo', 'niya')",174
"('nanginginig', 'na')",174
"('it', 'will')",174
"('bintana', 'ng')",174
"('ni', 'brian')",173
"('pa', 'hindi')",173
"('isip', 'ko')",173
"('na', 'nakita')",173
"('napigilan', 'ang')",173
"('babaeng', 'iyon')",173
"('sakin', 'ng')",173
"('kung', 'gayon')",173
"('nangyayari', 'sa')",173
"('lumingon', 'sa')",173
"('kay', 'leo')",173
"('niyo', 'sa')",173
"('he', 'will')",173
"('ng', 'umaga')",173
"('tumambad', 'sa')",173
"('napayuko', 'na')",173
"('at', 'sabay')",173
"('ang', 'tubig')",172
"('sandali', 'lang')",172
"('is', 'he')",172
"('ang', 'kuwintas')",172
"('napangiti', 'si')",172
"('kabila', 'ng')",172
"('ang', 'galit')",172
"('i', 'wont')",172
"('ang', 'oras')",171
"('is', 'my')",171
"('ang', 'sagot')",171
"('aking', 'mata')",171
"('laban', 'sa')",171
"('talk', 'to')",171
"('dalawa', 'sa')",171
"('si', 'angel')",171
"('si', 'chelsea')",171
"('sa', 'dalawa')",171
"('pagdating', 'ng')",171
"('siya', 'kaya')",171
"('staring', 'at')",171
"('to', 'have')",171
"('ng', 'sinabi')",170
"('anak', 'ng')",170
"('i', 'hate')",170
"('tingin', 'at')",170
"('wala', 'lang')",170
"('maayos', 'ang')",170
"('kay', 'madam')",170
"('nasabi', 'ko')",170
"('ng', 'kaibigan')",170
"('its', 'okay')",170
"('di', 'ka')",170
"('sa', 'narinig')",170
"('nikolas', 'sabay')",170
"('napatigil', 'naman')",170
"('ko', 'sabi')",169
"('noon', 'ni')",169
"('pagkakataong', 'ito')",169
"('civil', 'na')",169
"('naririnig', 'ko')",169
"('ang', 'bag')",169
"('you', 'should')",169
"('my', 'life')",169
"('asked', 'me')",169
"('ang', 'hitsura')",169
"('nagulat', 'si')",169
"('me', 'he')",169
"('good', 'morning')",169
"('mainit', 'na')",169
"('nya', 'at')",168
"('silang', 'tatlo')",168
"('ang', 'pagibig')",168
"('makita', 'ako')",168
"('mga', 'pagkain')",168
"('ko', 'man')",168
"('ka', 'bang')",168
"('pa', 'ko')",168
"('know', 'i')",168
"('ay', 'mga')",168
"('mukha', 'at')",168
"('humarap', 'sa')",167
"('sa', 'pagiging')",167
"('aking', 'paningin')",167
"('lalaki', 'at')",167
"('tawa', 'pa')",167
"('doon', 'ang')",167
"('nagpatuloy', 'sa')",167
"('ulit', 'siya')",167
"('tumalikod', 'na')",167
"('saglit', 'pa')",167
"('ng', 'apoy')",167
"('come', 'on')",167
"('at', 'nagpatuloy')",167
"('wika', 'ko')",167
"('sa', 'utak')",167
"('hawak', 'ng')",167
"('harapan', 'ng')",167
"('gave', 'me')",167
"('papalapit', 'kay')",167
"('sa', 'lawa')",167
"('makita', 'niya')",166
"('sabay', 'kuha')",166
"('ang', 'kalagayan')",166
"('we', 'will')",166
"('ka', 'muna')",166
"('balikat', 'ni')",166
"('ba', 'yan')",166
"('kay', 'enrique')",166
"('ko', 'maiwasang')",166
"('isa', 'siyang')",166
"('si', 'supremo')",166
"('umupo', 'ako')",166
"('ng', 'boses')",166
"('halos', 'walang')",166
"('lola', 'carmina')",166
"('mas', 'mabuti')",166
"('kami', 'ay')",166
"('ba', 'ay')",166
"('akin', 'hindi')",166
"('ng', 'makita')",166
"('muli', 'siyang')",166
"('buhok', 'at')",166
"('ng', 'malaking')",166
"('mula', 'kay')",166
"('mga', 'sinasabi')",166
"('ni', 'dad')",166
"('sinabi', 'ng')",166
"('at', 'napangiti')",165
"('balikat', 'niya')",165
"('rin', 'po')",165
"('ni', 'tiya')",165
"('smiled', 'at')",165
"('sa', 'halip')",165
"('napatango', 'na')",165
"('hindi', 'po')",165
"('but', 'to')",165
"('napaisip', 'naman')",165
"('him', 'and')",165
"('halos', 'lahat')",165
"('bulong', 'niya')",165
"('lahat', 'ang')",165
"('said', 'that')",165
"('im', 'just')",165
"('ko', 'kahit')",165
"('sa', 'kawalan')",165
"('for', 'her')",165
"('sunod', 'na')",164
"('ibat', 'ibang')",164
"('doon', 'at')",164
"('mong', 'sabihin')",164
"('at', 'nasa')",164
"('halos', 'hindi')",164
"('hindi', 'iyon')",164
"('tumayo', 'ako')",164
"('kong', 'sabihin')",163
"('bati', 'ni')",163
"('lahat', 'nang')",163
"('ni', 'lolo')",163
"('not', 'to')",163
"('tumango', 'si')",163
"('go', 'to')",163
"('sa', 'pilipinas')",163
"('oh', 'my')",163
"('doon', 'na')",163
"('ang', 'ulan')",163
"('talaga', 'si')",163
"('braso', 'ni')",163
"('mo', 'talaga')",163
"('malalim', 'at')",163
"('my', 'gosh')",163
"('ko', 'dahilan')",163
"('ay', 'dahil')",163
"('bitbit', 'ang')",163
"('sa', 'baba')",163
"('eh', 'sabi')",162
"('lang', 'kayo')",162
"('ay', 'sa')",162
"('binibining', 'carmelita')",162
"('pangalan', 'niya')",162
"('think', 'i')",162
"('ng', 'barko')",162
"('ng', 'itim')",162
"('tawag', 'ko')",162
"('ko', 'silang')",162
"('muli', 'niyang')",162
"('ulo', 'niya')",162
"('my', 'hand')",161
"('siya', 'kung')",161
"('ang', 'layo')",161
"('nakapagsalita', 'si')",161
"('ang', 'asawa')",161
"('papalabas', 'sa')",161
"('din', 'akong')",161
"('he', 'smiled')",161
"('talaga', 'sa')",161
"('ng', 'kapatid')",161
"('kung', 'gusto')",161
"('mga', 'nangyayari')",161
"('ni', 'wonho')",161
"('na', 'sobrang')",161
"('katabi', 'ko')",161
"('ulit', 'si')",161
"('we', 'have')",160
"('laman', 'ng')",160
"('ginoong', 'juancho')",160
"('ang', 'takbo')",160
"('pagod', 'na')",160
"('sanay', 'na')",160
"('nalaman', 'na')",160
"('tao', 'at')",160
"('biglang', 'nagsalita')",160
"('nagpaalam', 'na')",160
"('the', 'fuck')",160
"('dapat', 'na')",160
"('am', 'not')",160
"('ginawa', 'mo')",160
"('you', 'and')",160
"('ni', 'matt')",160
"('ng', 'libro')",160
"('napalunok', 'ako')",160
"('nagawa', 'kundi')",160
"('niyang', 'hindi')",160
"('din', 'pala')",160
"('was', 'just')",159
"('iba', 'na')",159
"('nalaman', 'ko')",159
"('want', 'you')",159
"('ako', 'kahit')",159
"('you', 'really')",159
"('gabing', 'iyon')",159
"('sinabi', 'sa')",159
"('kong', 'saad')",159
"('the', 'last')",159
"('but', 'you')",159
"('suot', 'ko')",159
"('ngayong', 'gabi')",159
"('ang', 'dating')",159
"('aking', 'isipan')",159
"('ko', 'kayo')",159
"('ako', 'si')",159
"('din', 'kami')",159
"('naman', 'nila')",158
"('di', 'na')",158
"('ako', 'pa')",158
"('dont', 'think')",158
"('madam', 'villareal')",158
"('ang', 'daming')",158
"('umupo', 'na')",158
"('dahil', 'doon')",158
"('ang', 'pintuan')",158
"('naglalaman', 'ng')",158
"('ko', 'akalaing')",158
"('bahay', 'namin')",158
"('na', 'galit')",158
"('ang', 'bata')",157
"('kaniya', 'sa')",157
"('kaniya', 'ni')",157
"('kaya', 'mas')",157
"('and', 'my')",157
"('tanong', 'nya')",157
"('nito', 'sabay')",157
"('ako', 'agad')",157
"('sa', 'pader')",157
"('was', 'about')",157
"('inang', 'diday')",157
"('its', 'just')",157
"('lamang', 'ng')",157
"('ang', 'kaibigan')",157
"('katulad', 'ng')",157
"('dito', 'at')",157
"('mga', 'kasambahay')",157
"('likod', 'niya')",157
"('ni', 'lolita')",157
"('sa', 'ginagawa')",157
"('ni', 'maestra')",157
"('laking', 'gulat')",156
"('na', 'napatingin')",156
"('siya', 'saka')",156
"('sabi', 'mo')",156
"('his', 'lips')",156
"('palapit', 'sa')",156
"('kamay', 'na')",156
"('ni', 'lord')",156
"('sinabi', 'mo')",156
"('habang', 'pilit')",156
"('niyang', 'tugon')",156
"('lang', 'namin')",156
"('buhay', 'niya')",156
"('dont', 'you')",156
"('ina', 'at')",155
"('rolled', 'my')",155
"('kaming', 'tatlo')",155
"('you', 'so')",155
"('ang', 'kasal')",155
"('kailangan', 'na')",155
"('with', 'him')",155
"('na', 'kaniyang')",155
"('na', 'dala')",155
"('sinabi', 'nya')",155
"('si', 'hukom')",155
"('we', 'were')",155
"('pisngi', 'ko')",155
"('i', 'let')",155
"('at', 'naupo')",155
"('mang', 'berto')",155
"('anong', 'mangyari')",154
"('napahawak', 'na')",154
"('wag', 'ka')",154
"('senor', 'fidel')",154
"('ako', 'kaso')",154
"('na', 'anak')",154
"('mga', 'kastila')",154
"('thats', 'the')",154
"('nang', 'maayos')",154
"('niya', 'agad')",154
"('ako', 'sabi')",154
"('all', 'i')",154
"('sa', 'dikalayuan')",154
"('malamang', 'na')",154
"('na', 'tubig')",154
"('paulitulit', 'na')",153
"('you', 'too')",153
"('dalawa', 'at')",153
"('ni', 'danilo')",153
"('even', 'though')",153
"('i', 'like')",153
"('nito', 'ng')",153
"('huling', 'pagkakataon')",153
"('muna', 'sa')",153
"('buwan', 'na')",153
"('mabilis', 'siyang')",153
"('si', 'ina')",153
"('amin', 'ang')",153
"('nanatili', 'lang')",153
"('umalis', 'sa')",153
"('sa', 'araw')",152
"('lang', 'kasi')",152
"('sa', 'trabaho')",152
"('rin', 'ni')",152
"('ng', 'maluwag')",152
"('parang', 'wala')",152
"('amin', 'ni')",152
"('mas', 'maganda')",152
"('yung', 'sinabi')",152
"('mga', 'kapatid')",152
"('sila', 'ngayon')",152
"('ang', 'magkabilang')",152
"('ng', 'maraming')",152
"('kitangkita', 'ko')",152
"('nakalagay', 'sa')",152
"('ang', 'sarap')",152
"('dahandahan', 'siyang')",152
"('nasaan', 'si')",152
"('mga', 'lalaki')",152
"('don', 'fabian')",152
"('kaniyang', 'ulo')",152
"('ng', 'matandang')",152
"('ilang', 'taon')",152
"('sa', 'ngayon')",152
"('niyo', 'ba')",152
"('si', 'leon')",152
"('maramdaman', 'ang')",152
"('masama', 'ang')",152
"('napatitig', 'ako')",152
"('naupo', 'sa')",152
"('pa', 'po')",151
"('humawak', 'sa')",151
"('bakit', 'naman')",151
"('sa', 'babae')",151
"('muli', 'kong')",151
"('tubig', 'sa')",151
"('bumungad', 'sa')",151
"('lahat', 'dahil')",151
"('naman', 'hindi')",151
"('ko', 'dito')",151
"('sa', 'palengke')",151
"('ng', 'tawad')",151
"('na', 'boses')",151
"('ay', 'bigla')",151
"('ganito', 'ang')",151
"('sagot', 'nito')",151
"('nakaramdam', 'ng')",150
"('mata', 'na')",150
"('ba', 'kung')",150
"('hacienda', 'montecarlos')",150
"('huli', 'na')",150
"('of', 'that')",150
"('ito', 'kay')",150
"('sa', 'dagat')",150
"('are', 'not')",150
"('ang', 'lugar')",150
"('at', 'nakatingin')",150
"('buhok', 'niya')",150
"('aking', 'noo')",150
"('my', 'father')",150
"('bumagsak', 'ang')",150
"('when', 'she')",150
"('ni', 'celeste')",150
"('din', 'siyang')",150
"('rin', 'ba')",150
"('niya', 'kasi')",149
"('that', 'it')",149
"('sa', 'buhok')",149
"('kong', 'tugon')",149
"('nasa', 'tapat')",149
"('nawala', 'na')",149
"('mula', 'nang')",149
"('pumasok', 'si')",149
"('my', 'phone')",149
"('ng', 'gate')",149
"('my', 'face')",149
"('ng', 'hapon')",149
"('ni', 'tito')",149
"('ni', 'ate')",149
"('kwarto', 'niya')",149
"('went', 'to')",148
"('sagot', 'sa')",148
"('umakyat', 'sa')",148
"('sa', 'sala')",148
"('niya', 'dito')",148
"('pa', 'nila')",148
"('nang', 'walang')",148
"('mahigpit', 'ang')",148
"('na', 'bang')",148
"('nakatingin', 'kay')",148
"('isa', 'lang')",148
"('sa', 'tuwa')",148
"('ba', 'hindi')",148
"('si', 'lolo')",148
"('tanong', 'na')",148
"('bakit', 'may')",148
"('anong', 'ibig')",148
"('kay', 'mama')",148
"('na', 'makita')",148
"('tumawa', 'si')",148
"('napahinga', 'naman')",148
"('napahawak', 'sa')",148
"('ito', 'kung')",148
"('saad', 'ng')",148
"('at', 'binuksan')",148
"('di', 'mo')",148
"('ni', 'linda')",148
"('ng', 'takbo')",148
"('to', 'talk')",148
"('nakita', 'na')",147
"('ibig', 'niyang')",147
"('kanyang', 'kamay')",147
"('sa', 'magkabilang')",147
"('ito', 'ngunit')",147
"('to', 'your')",147
"('naman', 'eh')",147
"('baka', 'hindi')",147
"('tapat', 'ko')",147
"('natawa', 'ako')",147
"('bakit', 'ko')",147
"('nang', 'dumating')",147
"('sila', 'nang')",147
"('iyong', 'mga')",147
"('shook', 'my')",147
"('rin', 'nila')",147
"('babae', 'ang')",147
"('mawala', 'ang')",147
"('parang', 'ang')",147
"('sa', 'tenga')",147
"('i', 'guess')",147
"('at', 'pumunta')",146
"('mahigpit', 'na')",146
"('lumapit', 'si')",146
"('mang', 'pedro')",146
"('natapos', 'yung')",146
"('lang', 'ulit')",146
"('kaniyang', 'isipan')",146
"('saad', 'pa')",146
"('sa', 'kaibigan')",146
"('sinasabi', 'mo')",146
"('did', 'i')",146
"('matagal', 'ko')",146
"('a', 'little')",146
"('nasa', 'labas')",146
"('ang', 'ingay')",146
"('ni', 'felicidad')",146
"('and', 'it')",146
"('naming', 'dalawa')",146
"('the', 'other')",146
"('ang', 'hirap')",146
"('sa', 'usapan')",146
"('napatulala', 'na')",146
"('in', 'your')",146
"('with', 'that')",146
"('leandro', 'at')",146
"('ang', 'tibok')",146
"('cellphone', 'ko')",146
"('pa', 'tayo')",146
"('bakit', 'siya')",145
"('don', 'mateo')",145
"('kapatid', 'na')",145
"('ni', 'sonya')",145
"('nakapatong', 'sa')",145
"('mapatingin', 'sa')",145
"('ng', 'todo')",145
"('na', 'kay')",145
"('kapag', 'hindi')",145
"('nanlaki', 'naman')",145
"('audrey', 'at')",145
"('niya', 'kanina')",145
"('akin', 'kung')",145
"('audrey', 'ang')",145
"('then', 'i')",145
"('pasensya', 'na')",145
"('matalim', 'na')",145
"('lumipas', 'ang')",145
"('on', 'me')",145
"('kaya', 'ako')",145
"('kong', 'sagot')",144
"('sa', 'binata')",144
"('isang', 'maliit')",144
"('ni', 'oscar')",144
"('malalim', 'saka')",144
"('nasaan', 'na')",144
"('aking', 'mukha')",144
"('ako', 'doon')",144
"('sarili', 'niya')",144
"('ang', 'kalesa')",144
"('i', 'miss')",144
"('sa', 'lalaki')",144
"('are', 'the')",144
"('mahiwagang', 'perlas')",144
"('matandang', 'lalaki')",144
"('muli', 'akong')",144
"('ang', 'saya')",144
"('ay', 'nagulat')",144
"('ang', 'mas')",144
"('kay', 'fidel')",144
"('ng', 'biglang')",144
"('sambit', 'ko')",144
"('sa', 'kalsada')",144
"('daw', 'ang')",144
"('damit', 'na')",144
"('malalim', 'bago')",144
"('but', 'it')",144
"('sa', 'pagiyak')",144
"('part', 'of')",144
"('bukas', 'na')",143
"('walang', 'kurap')",143
"('nakasulat', 'sa')",143
"('ko', 'mapigilang')",143
"('ang', 'bintana')",143
"('alam', 'niyo')",143
"('na', 'ata')",143
"('sa', 'lakas')",143
"('kinuha', 'ni')",143
"('na', 'babae')",143
"('how', 'to')",143
"('ginagawa', 'ko')",143
"('ba', 'na')",143
"('pinagmasdan', 'ang')",143
"('you', 'do')",143
"('saka', 'muling')",143
"('lang', 'sya')",143
"('monsta', 'x')",143
"('what', 'if')",143
"('niya', 'kami')",143
"('ko', 'akalain')",142
"('pagpatak', 'ng')",142
"('said', 'kaya')",142
"('siya', 'ngunit')",142
"('ang', 'tagal')",142
"('he', 'whispered')",142
"('napalunok', 'na')",142
"('si', 'danilo')",142
"('o', 'hindi')",142
"('si', 'alex')",142
"('nito', 'si')",142
"('dapat', 'ako')",142
"('im', 'so')",142
"('sa', 'mundo')",142
"('ayaw', 'niya')",142
"('pero', 'di')",142
"('leo', 'at')",142
"('na', 'lumabas')",142
"('si', 'raven')",142
"('tumigil', 'sa')",142
"('sarili', 'na')",142
"('you', 'mean')",142
"('rinig', 'ko')",142
"('a', 'bit')",142
"('kaniya', 'dahil')",142
"('napabuntong', 'hininga')",142
"('mo', 'sabi')",142
"('sa', 'puno')",142
"('tumingin', 'kay')",141
"('muna', 'siya')",141
"('sa', 'sasakyan')",141
"('ni', 'ignacio')",141
"('kailanman', 'ay')",141
"('bago', 'ito')",141
"('lawa', 'ng')",141
"('maging', 'siya')",141
"('at', 'don')",141
"('no', 'i')",141
"('she', 'asked')",141
"('po', 'kami')",141
"('pero', 'bigla')",141
"('i', 'never')",141
"('doon', 'si')",141
"('napailing', 'na')",141
"('high', 'school')",141
"('tuloy', 'ako')",141
"('bata', 'na')",141
"('napansin', 'kong')",140
"('ba', 'kasi')",140
"('about', 'the')",140
"('at', 'tumayo')",140
"('pero', 'kahit')",140
"('ni', 'zion')",140
"('ang', 'alam')",140
"('niyang', 'sagot')",140
"('pagkain', 'sa')",140
"('hindi', 'sya')",140
"('naroon', 'ang')",140
"('maintindihan', 'kung')",140
"('naglalakad', 'sa')",140
"('a', 'while')",140
"('is', 'this')",140
"('you', 'look')",140
"('para', 'sayo')",140
"('naman', 'kung')",140
"('mabilis', 'niyang')",140
"('nang', 'malaman')",140
"('harap', 'ko')",140
"('ginawa', 'ni')",140
"('at', 'napalingon')",140
"('dahil', 'mas')",140
"('natanaw', 'ko')",140
"('know', 'you')",140
"('sarili', 'mo')",139
"('how', 'about')",139
"('maayos', 'na')",139
"('isang', 'babaeng')",139
"('kwentong', 'ito')",139
"('huli', 'ay')",139
"('kumain', 'na')",139
"('mukha', 'na')",139
"('sa', 'ilog')",139
"('at', 'muli')",139
"('napapikit', 'ako')",139
"('the', 'best')",139
"('matandang', 'babae')",139
"('kaniyang', 'dibdib')",139
"('of', 'your')",138
"('kaniyang', 'silid')",138
"('what', 'you')",138
"('mataas', 'na')",138
"('pero', 'dahil')",138
"('bigla', 'itong')",138
"('rin', 'alam')",138
"('pero', 'ngayon')",138
"('ngayong', 'araw')",138
"('ng', 'walang')",138
"('mga', 'opisyal')",138
"('sa', 'tubig')",138
"('yung', 'kamay')",138
"('na', 'pero')",138
"('paningin', 'sa')",138
"('isang', 'oras')",138
"('why', 'did')",138
"('ni', 'ivan')",138
"('mga', 'babaeng')",138
"('saka', 'ngumiti')",138
"('si', 'theresita')",138
"('si', 'doña')",138
"('you', 'were')",138
"('makalipas', 'ang')",137
"('napalingon', 'si')",137
"('aking', 'dibdib')",137
"('napatingin', 'kay')",137
"('may', 'problema')",137
"('sumakay', 'sa')",137
"('braso', 'niya')",137
"('na', 'raw')",137
"('akin', 'sa')",137
"('walang', 'ibang')",137
"('sirene', 'ang')",137
"('natawa', 'naman')",137
"('i', 'got')",137
"('nito', 'hindi')",137
"('ang', 'matanda')",137
"('ang', 'pagbagsak')",137
"('for', 'him')",137
"('audrey', 'na')",137
"('na', 'pumasok')",137
"('bata', 'at')",137
"('ko', 'bang')",137
"('that', 'made')",137
"('pilit', 'niyang')",137
"('ng', 'tawa')",137
"('ang', 'plano')",137
"('makarating', 'kami')",137
"('ikaw', 'lang')",137
"('kanina', 'na')",136
"('the', 'whole')",136
"('nauna', 'na')",136
"('suot', 'niya')",136
"('and', 'you')",136
"('sila', 'na')",136
"('at', 'inabot')",136
"('ang', 'gabi')",136
"('isang', 'linggo')",136
"('namin', 'ngayon')",136
"('lalonglalo', 'na')",136
"('nila', 'akong')",136
"('kapag', 'nalaman')",136
"('muli', 'ng')",136
"('malungkot', 'na')",136
"('pinagmasdan', 'ko')",136
"('mo', 'yung')",136
"('pagkain', 'at')",136
"('lang', 'kung')",135
"('nakasabit', 'sa')",135
"('naupo', 'na')",135
"('sa', 'suot')",135
"('hukom', 'fernandez')",135
"('mga', 'mukha')",135
"('dahandahan', 'niyang')",135
"('ito', 'para')",135
"('paa', 'ko')",135
"('the', 'truth')",135
"('at', 'siya')",135
"('ay', 'alam')",135
"('na', 'naglalaman')",135
"('ngumiti', 'si')",135
"('sa', 'isa')",135
"('again', 'i')",135
"('ni', 'roberto')",135
"('mga', 'paa')",135
"('muna', 'tayo')",135
"('at', 'batchoy')",135
"('mga', 'bulaklak')",135
"('nya', 'na')",135
"('ng', 'kwento')",135
"('biglang', 'bumukas')",135
"('lang', 'natin')",135
"('tumango', 'siya')",135
"('i', 'whispered')",135
"('kaklase', 'ko')",135
"('sa', 'barko')",135
"('mga', 'pangyayari')",135
"('wag', 'na')",134
"('kulay', 'ng')",134
"('with', 'his')",134
"('kotse', 'niya')",134
"('ni', 'inspector')",134
"('nararamdaman', 'niya')",134
"('naman', 'siguro')",134
"('ulit', 'ni')",134
"('kanyang', 'dibdib')",134
"('sumama', 'sa')",134
"('loob', 'at')",134
"('hindi', 'ang')",134
"('may', 'malaking')",134
"('buhay', 'ng')",134
"('bakit', 'niya')",134
"('ngumiti', 'lang')",134
"('ayos', 'ka')",134
"('aking', 'ulo')",134
"('aling', 'milagros')",134
"('kaniya', 'pero')",134
"('sa', 'mundong')",134
"('you', 'doing')",134
"('kaninang', 'umaga')",134
"('at', 'tuluyan')",134
"('bumaba', 'ang')",134
"('do', 'i')",134
"('ni', 'jelai')",134
"('may', 'dala')",134
"('iyo', 'ang')",133
"('ba', 'ng')",133
"('kanina', 'ay')",133
"('dugo', 'sa')",133
"('we', 'need')",133
"('mga', 'braso')",133
"('tubig', 'at')",133
"('nawalan', 'ng')",133
"('ano', 'nga')",133
"('ni', 'mommy')",133
"('ng', 'hacienda')",133
"('yung', 'iba')",133
"('ang', 'salitang')",133
"('at', 'tiningnan')",133
"('sa', 'pagkakayakap')",133
"('madaling', 'araw')",132
"('gamit', 'ko')",132
"('sa', 'ikalawang')",132
"('him', 'to')",132
"('salome', 'dahil')",132
"('akin', 'ay')",132
"('said', 'then')",132
"('ng', 'gamot')",132
"('ng', 'kape')",132
"('at', 'sobrang')",132
"('class', 'a5')",132
"('kunin', 'ang')",132
"('napansin', 'ni')",132
"('akala', 'mo')",132
"('na', 'naging')",132
"('one', 'who')",132
"('nakaramdam', 'ako')",132
"('pigilan', 'ang')",132
"('don', 'antonio')",132
"('namang', 'napatingin')",132
"('kwarto', 'at')",132
"('oo', 'naman')",132
"('dito', 'ang')",132
"('mo', 'yan')",132
"('magsasalita', 'na')",131
"('naman', 'niyang')",131
"('to', 'find')",131
"('ni', 'commander')",131
"('sinundan', 'ko')",131
"('bago', 'kami')",131
"('just', 'to')",131
"('si', 'lolita')",131
"('when', 'you')",131
"('na', 'binigay')",131
"('naman', 'at')",131
"('gian', 'at')",131
"('abot', 'ng')",131
"('ni', 'padre')",131
"('si', 'dad')",131
"('i', 'went')",131
"('yon', 'sa')",131
"('siya', 'lang')",131
"('amin', 'si')",131
"('in', 'love')",131
"('inayos', 'ang')",131
"('rinig', 'kong')",131
"('si', 'aries')",131
"('ang', 'katotohanan')",131
"('josefina', 'at')",131
"('si', 'lord')",131
"('ngunit', 'agad')",131
"('sa', 'kahoy')",131
"('just', 'want')",131
"('ni', 'renzo')",131
"('sumakay', 'na')",131
"('sya', 'at')",130
"('at', 'pinagmasdan')",130
"('na', 'kapag')",130
"('ang', 'kotse')",130
"('ni', 'isidora')",130
"('like', 'the')",130
"('niyang', 'may')",130
"('sila', 'ang')",130
"('kay', 'leandro')",130
"('kinuha', 'na')",130
"('hindi', 'dahil')",130
"('nikolas', 'habang')",130
"('to', 'tell')",130
"('ang', 'tunay')",130
"('i', 'already')",130
"('niya', 'muli')",130
"('makapaniwala', 'sa')",130
"('kong', 'naalala')",130
"('si', 'julian')",130
"('about', 'that')",130
"('pa', 'kasi')",130
"('nakita', 'mo')",130
"('ikalawang', 'palapag')",130
"('si', 'esteban')",130
"('kaya', 'wala')",129
"('ng', 'karagatan')",129
"('sa', 'cr')",129
"('lord', 'oscar')",129
"('mga', 'ngiti')",129
"('ng', 'bata')",129
"('bumaba', 'sa')",129
"('kaniyang', 'buhok')",129
"('nila', 'ito')",129
"('si', 'paulina')",129
"('at', 'tila')",129
"('si', 'kihyun')",129
"('me', 'the')",129
"('ang', 'galing')",129
"('katawan', 'ni')",129
"('ni', 'doktor')",129
"('and', 'a')",129
"('ang', 'pagdating')",129
"('sa', 'bag')",129
"('sagot', 'naman')",129
"('up', 'and')",129
"('tumunog', 'ang')",129
"('mo', 'dito')",129
"('nang', 'makapasok')",129
"('niya', 'siguro')",129
"('kita', 'ng')",129
"('ako', 'rito')",129
"('mundong', 'ito')",129
"('my', 'name')",129
"('ang', 'bilis')",129
"('kaniyang', 'labi')",129
"('at', 'gulat')",129
"('dalawang', 'beses')",129
"('sebastian', 'na')",129
"('pinunasan', 'ang')",129
"('muli', 'ako')",128
"('ko', 'eh')",128
"('for', 'this')",128
"('mga', 'boys')",128
"('maraming', 'tao')",128
"('mga', 'tingin')",128
"('but', 'the')",128
"('sakit', 'ng')",128
"('sahig', 'at')",128
"('din', 'yung')",128
"('ayaw', 'ko')",128
"('nang', 'marating')",128
"('ka', 'ni')",128
"('ba', 'to')",128
"('kung', 'minsan')",128
"('sa', 'unang')",128
"('ng', 'classroom')",128
"('kaniyang', 'asawa')",128
"('lang', 'kaming')",128
"('mga', 'kababaihan')",128
"('at', 'nagtungo')",128
"('malaman', 'ang')",128
"('kanyang', 'labi')",128
"('pumunta', 'na')",128
"('okay', 'ka')",128
"('to', 'meet')",128
"('about', 'this')",128
"('ko', 'ngunit')",128
"('tingin', 'nito')",127
"('hindi', 'makapaniwala')",127
"('napakunot', 'naman')",127
"('sa', 'mansion')",127
"('ang', 'walang')",127
"('pala', 'ng')",127
"('loob', 'na')",127
"('ng', 'bagong')",127
"('don', 'miguel')",127
"('wala', 'kaming')",127
"('ng', 'asawa')",127
"('napatitig', 'sa')",127
"('bigla', 'naman')",127
"('sa', 'table')",127
"('that', 'im')",127
"('sa', 'kinaroroonan')",127
"('at', 'bumalik')",127
"('ito', 'bago')",127
"('baka', 'naman')",127
"('sa', 'langit')",127
"('luha', 'niya')",127
"('tumingin', 'sakin')",127
"('si', 'esmeralda')",126
"('inside', 'the')",126
"('na', 'siguro')",126
"('dalawang', 'kamay')",126
"('ni', 'julian')",126
"('ng', 'dibdib')",126
"('ng', 'inyong')",126
"('shut', 'up')",126
"('from', 'my')",126
"('mga', 'iyon')",126
"('alam', 'ni')",126
"('dalawang', 'guardia')",126
"('nalang', 'ang')",126
"('pa', 'kaya')",126
"('na', 'bagay')",126
"('ko', 'yon')",126
"('lahat', 'para')",126
"('there', 'was')",126
"('kay', 'maria')",126
"('ang', 'kasama')",126
"('naalala', 'niya')",126
"('here', 'i')",126
"('kong', 'malaman')",126
"('dun', 'sa')",126
"('ang', 'bigat')",125
"('ang', 'ama')",125
"('po', 'siya')",125
"('noo', 'niya')",125
"('mo', 'ngayon')",125
"('sa', 'taong')",125
"('fidel', 'na')",125
"('nito', 'saka')",125
"('iba', 'pa')",125
"('na', 'araw')",125
"('nung', 'isang')",125
"('ako', 'papunta')",125
"('narinig', 'na')",125
"('should', 'be')",125
"('niya', 'naman')",125
"('malawak', 'na')",125
"('isang', 'gabi')",125
"('lahat', 'sila')",125
"('araw', 'ay')",125
"('kapitan', 'corpuz')",125
"('paano', 'niya')",125
"('to', 'sa')",125
"('siya', 'para')",125
"('na', 'sina')",125
"('na', 'nito')",125
"('help', 'but')",125
"('lucas', 'na')",125
"('ngayon', 'dito')",125
"('si', 'alaska')",125
"('din', 'na')",125
"('martin', 'sabay')",125
"('bumili', 'ng')",125
"('ni', 'senor')",125
"('muna', 'kami')",125
"('mga', 'kawal')",125
"('pasensiya', 'na')",125
"('juanito', 'ang')",124
"('hinayaan', 'ko')",124
"('nito', 'nang')",124
"('sa', 'klase')",124
"('this', 'story')",124
"('ang', 'matinding')",124
"('silid', 'ni')",124
"('magkabilang', 'balikat')",124
"('kanilang', 'tahanan')",124
"('ng', 'kusina')",124
"('at', 'nagulat')",124
"('isipan', 'ang')",124
"('to', 'take')",124
"('ngayon', 'kung')",124
"('hindi', 'natin')",124
"('niya', 'ngunit')",124
"('ang', 'sugat')",124
"('pagkakataon', 'na')",124
"('ulo', 'at')",124
"('ng', 'hindi')",124
"('ko', 'kayang')",124
"('kamay', 'nito')",124
"('sa', 'office')",124
"('nang', 'hawakan')",124
"('ang', 'pagkakahawak')",124
"('siya', 'pinansin')",124
"('ang', 'papel')",124
"('ibig', 'mo')",124
"('ice', 'cream')",124
"('nasa', 'edad')",124
"('tenga', 'ko')",124
"('was', 'so')",124
"('mga', 'bisita')",124
"('ang', 'mahiwagang')",124
"('mga', 'batang')",124
"('ulit', 'ng')",123
"('si', 'celeste')",123
"('sa', 'pagsasalita')",123
"('dalawa', 'na')",123
"('like', 'i')",123
"('kailangan', 'niyang')",123
"('kotse', 'ko')",123
"('matapos', 'na')",123
"('ng', 'takot')",123
"('ko', 'yun')",123
"('na', 'kayong')",123
"('agad', 'sa')",123
"('mga', 'nangyari')",123
"('lumakas', 'ang')",123
"('nga', 'sa')",123
"('nasa', 'harap')",123
"('ka', 'at')",123
"('niya', 'pang')",123
"('youre', 'not')",123
"('sa', 'panciteria')",123
"('kung', 'ayaw')",123
"('ginoong', 'juanito')",123
"('siya', 'naman')",123
"('tono', 'ng')",123
"('niyang', 'saad')",122
"('na', 'medyo')",122
"('bulaklak', 'na')",122
"('pero', 'bago')",122
"('dapat', 'kong')",122
"('of', 'him')",122
"('gulat', 'akong')",122
"('ng', 'galit')",122
"('si', 'athena')",122
"('pa', 'na')",122
"('dinig', 'kong')",122
"('ni', 'ising')",122
"('batid', 'kung')",122
"('naman', 'ngayon')",122
"('pero', 'nagulat')",122
"('sana', 'ay')",122
"('nakatitig', 'lang')",122
"('sa', 'silya')",122
"('ng', 'tindahan')",122
"('ay', 'naging')",122
"('looks', 'like')",122
"('kabilang', 'linya')",122
"('sabay', 'tawa')",122
"('mawala', 'sa')",122
"('dito', 'ka')",122
"('sa', 'mahabang')",122
"('laki', 'ng')",122
"('know', 'why')",122
"('her', 'to')",122
"('pero', 'mukhang')",122
"('naman', 'agad')",122
"('nakalimutan', 'ko')",122
"('the', 'girl')",122
"('kuya', 'eric')",122
"('lumapit', 'siya')",122
"('me', 'but')",122
"('niya', 'talaga')",122
"('man', 'ako')",121
"('parking', 'lot')",121
"('nasaan', 'ang')",121
"('naglalakad', 'na')",121
"('saka', 'mabilis')",121
"('padre', 'orlando')",121
"('that', 'the')",121
"('salamat', 'po')",121
"('tingin', 'sakin')",121
"('kesa', 'sa')",121
"('dont', 'need')",121
"('sa', 'kapatid')",121
"('at', 'napahawak')",121
"('ang', 'maliit')",121
"('kay', 'kuya')",121
"('sebastian', 'sa')",121
"('olivia', 'at')",121
"('would', 'be')",121
"('nightmare', 'ang')",121
"('at', 'all')",121
"('for', 'my')",121
"('don', 'hugo')",121
"('paglalakad', 'at')",121
"('kuha', 'ng')",121
"('sigaw', 'pa')",121
"('her', 'and')",121
"('na', 'umalis')",121
"('give', 'me')",121
"('galit', 'sa')",120
"('mesa', 'ang')",120
"('ang', 'hangin')",120
"('loob', 'ko')",120
"('kung', 'wala')",120
"('you', 'still')",120
"('lamang', 'si')",120
"('kanya', 'si')",120
"('ko', 'bakit')",120
"('pamilya', 'alfonso')",120
"('ako', 'sakanya')",120
"('lang', 'kita')",120
"('at', 'maging')",120
"('ko', 'batid')",120
"('si', 'angelito')",120
"('ako', 'nga')",120
"('kailangan', 'mong')",120
"('narinig', 'ang')",120
"('nasa', 'gitna')",120
"('ng', 'kalsada')",120
"('muntik', 'na')",120
"('na', 'tayong')",120
"('na', 'daw')",120
"('ko', 'nakita')",120
"('ngiti', 'ng')",120
"('aming', 'dalawa')",120
"('ayon', 'sa')",120
"('excuse', 'me')",120
"('napaiwas', 'ng')",120
"('isang', 'lalaking')",120
"('waiting', 'for')",120
"('sa', 'kwento')",120
"('sabi', 'nya')",120
"('at', 'dahandahan')",120
"('salome', 'habang')",120
"('tao', 'ay')",119
"('ni', 'inang')",119
"('lamang', 'na')",119
"('saad', 'nito')",119
"('as', 'the')",119
"('talking', 'about')",119
"('ano', 'naman')",119
"('sa', 'gate')",119
"('hindi', 'parin')",119
"('like', 'it')",119
"('kaya', 'siya')",119
"('don', 'severino')",119
"('bago', 'niya')",119
"('niya', 'ba')",119
"('kung', 'sakaling')",119
"('bibig', 'niya')",119
"('of', 'our')",119
"('napakagat', 'ako')",119
"('sa', 'library')",119
"('pwede', 'ba')",119
"('a', 'few')",119
"('is', 'so')",119
"('nilingon', 'ko')",119
"('umangat', 'ang')",119
"('kaniyang', 'mata')",119
"('umiwas', 'ng')",119
"('nagsimula', 'nang')",119
"('niya', 'bago')",119
"('totoo', 'ang')",118
"('na', 'nakasabit')",118
"('ng', 'iyon')",118
"('ulo', 'ni')",118
"('gian', 'na')",118
"('tawa', 'niya')",118
"('saw', 'him')",118
"('masaya', 'ako')",118
"('sobrang', 'lakas')",118
"('salome', 'nang')",118
"('bintana', 'at')",118
"('at', 'tumakbo')",118
"('niya', 'ulit')",118
"('akong', 'naglakad')",118
"('para', 'akong')",118
"('kalesa', 'at')",118
"('rin', 'yung')",118
"('at', 'nagsimulang')",118
"('tumingin', 'ng')",118
"('isang', 'guardia')",118
"('ni', 'mia')",118
"('ngiti', 'pa')",118
"('ang', 'init')",118
"('gising', 'na')",118
"('tugon', 'ng')",118
"('ni', 'ms')",118
"('nais', 'ko')",118
"('you', 'just')",118
"('may', 'ari')",118
"('hawak', 'ni')",118
"('tumaas', 'ang')",118
"('pa', 'yung')",118
"('should', 'i')",118
"('mahigpit', 'sa')",118
"('mukha', 'sa')",118
"('sa', 'kisame')",118
"('at', 'biglang')",118
"('na', 'malaman')",118
"('ng', 'ganoon')",118
"('dahandahan', 'kong')",118
"('imbes', 'na')",118
"('the', 'end')",117
"('wala', 'silang')",117
"('na', 'nandito')",117
"('will', 'never')",117
"('na', 'ngumiti')",117
"('sarili', 'kong')",117
"('bumagsak', 'sa')",117
"('labi', 'ni')",117
"('lang', 'iyon')",117
"('may', 'iba')",117
"('love', 'story')",117
"('si', 'heneral')",117
"('napangiti', 'siya')",117
"('ang', 'ilaw')",117
"('ni', 'gwen')",117
"('dahilan', 'ng')",117
"('leeg', 'ko')",117
"('ng', 'matinding')",117
"('may', 'halong')",117
"('sinasabi', 'ni')",117
"('ko', 'itong')",117
"('say', 'that')",117
"('ito', 'habang')",117
"('decided', 'to')",117
"('heard', 'him')",117
"('suot', 'ang')",117
"('kaniyang', 'anak')",117
"('ata', 'ang')",117
"('ni', 'ethan')",117
"('hindi', 'pala')",117
"('si', 'señor')",117
"('i', 'see')",117
"('lang', 'yan')",117
"('mata', 'ay')",117
"('isa', 'na')",117
"('ang', 'kwento')",117
"('tumama', 'sa')",117
"('before', 'i')",117
"('thats', 'what')",117
"('niyakap', 'ko')",117
"('na', 'lumapit')",117
"('mesa', 'at')",117
"('minsan', 'ay')",117
"('hindi', 'kayo')",117
"('anong', 'oras')",117
"('agad', 'niya')",117
"('o', 'kaya')",117
"('tanging', 'ang')",116
"('niyang', 'si')",116
"('dalawa', 'lang')",116
"('nakahawak', 'sa')",116
"('kuya', 'renz')",116
"('ang', 'bagong')",116
"('nagkatinginan', 'naman')",116
"('tiyo', 'jaime')",116
"('napagtanto', 'na')",116
"('mukha', 'ang')",116
"('ang', 'kailangan')",116
"('habang', 'kumakain')",116
"('si', 'sonya')",116
"('pinto', 'sa')",116
"('napatango', 'ako')",116
"('kaya', 'mo')",116
"('noon', 'na')",116
"('atensyon', 'ko')",116
"('sino', 'ka')",116
"('damit', 'ko')",116
"('ng', 'ngiti')",116
"('nais', 'niyang')",115
"('nightmare', 'sa')",115
"('at', 'adrian')",115
"('nitong', 'mga')",115
"('marami', 'na')",115
"('aking', 'ama')",115
"('a', 'long')",115
"('agad', 'si')",115
"('ni', 'amalia')",115
"('akong', 'pakialam')",115
"('sa', 'hardin')",115
"('na', 'nakangiti')",115
"('ang', 'kaba')",115
"('palayo', 'sa')",115
"('sagot', 'ng')",115
"('namin', 'ng')",115
"('at', 'para')",115
"('carmelita', 'at')",115
"('me', 'in')",115
"('him', 'a')",115
"('sa', 'direksyon')",115
"('po', 'akong')",115
"('kasi', 'biglang')",115
"('biglang', 'dumating')",115
"('at', 'isa')",115
"('nakarating', 'na')",115
"('ng', 'ama')",115
"('handa', 'na')",115
"('may', 'kinalaman')",115
"('naman', 'iyon')",115
"('ang', 'iniisip')",115
"('iyon', 'ngunit')",115
"('lola', 'amor')",115
"('panahong', 'ito')",115
"('si', 'oscar')",115
"('sulok', 'ng')",115
"('mauna', 'na')",115
"('ka', 'namin')",114
"('carmelita', 'sa')",114
"('ni', 'maganda')",114
"('at', 'josefina')",114
"('i', 'had')",114
"('ay', 'muli')",114
"('sa', 'pangalan')",114
"('naroon', 'din')",114
"('kong', 'wala')",114
"('tungkol', 'kay')",114
"('alfonso', 'at')",114
"('sa', 'pagbabasa')",114
"('ni', 'jerome')",114
"('ako', 'wala')",114
"('kaibigan', 'niya')",114
"('ko', 'tumango')",114
"('na', 'ibig')",114
"('nga', 'ng')",114
"('naglalakad', 'kami')",114
"('hindi', 'nito')",114
"('taong', 'gulang')",114
"('makuha', 'ang')",114
"('about', 'you')",114
"('nasa', 'gilid')",114
"('na', 'dito')",114
"('nais', 'kong')",114
"('pero', 'napatigil')",114
"('na', 'nakalagay')",114
"('iyon', 'nang')",114
"('don', 'florencio')",114
"('hayaan', 'mo')",114
"('oo', 'na')",114
"('ngunit', 'biglang')",114
"('kaming', 'apat')",113
"('ko', 'gusto')",113
"('ng', 'upo')",113
"('nang', 'mahigpit')",113
"('nagsalita', 'na')",113
"('puso', 'ni')",113
"('babaeng', 'to')",113
"('man', 'ay')",113
"('ng', 'paligid')",113
"('kaibigan', 'ni')",113
"('hhindi', 'ko')",113
"('doon', 'ko')",113
"('lang', 'siguro')",113
"('ang', 'kabayo')",113
"('damn', 'it')",113
"('ng', 'mundo')",113
"('araw', 'at')",113
"('a', 'heavy')",113
"('at', 'dalidaling')",113
"('kailangan', 'niya')",113
"('napatigil', 'sa')",113
"('buhok', 'nito')",113
"('hindi', 'tayo')",113
"('kay', 'zion')",113
"('ni', 'catapang')",113
"('the', 'world')",113
"('anong', 'nangyayari')",113
"('kung', 'ang')",113
"('uminom', 'ng')",113
"('may', 'dalawang')",112
"('lupa', 'at')",112
"('me', 'as')",112
"('ni', 'nanay')",112
"('sa', 'boses')",112
"('ni', 'kyohei')",112
"('her', 'face')",112
"('magtungo', 'sa')",112
"('ni', 'kris')",112
"('naiintindihan', 'ko')",112
"('sa', 'stage')",112
"('niyang', 'sabihin')",112
"('makita', 'kong')",112
"('makita', 'na')",112
"('sa', 'pamamagitan')",112
"('natin', 'sa')",112
"('dalaga', 'na')",112
"('pagkakataon', 'ay')",112
"('is', 'just')",112
"('ay', 'nakatingin')",112
"('sakit', 'sa')",112
"('ka', 'pala')",112
"('ako', 'kapag')",112
"('and', 'we')",112
"('na', 'sambit')",112
"('ka', 'ferding')",112
"('silid', 'na')",112
"('saan', 'ako')",112
"('ng', 'mesa')",112
"('sulat', 'na')",112
"('mamayang', 'gabi')",112
"('siya', 'yung')",111
"('just', 'nodded')",111
"('pahayag', 'ni')",111
"('ngumiti', 'sa')",111
"('naalala', 'ang')",111
"('lucas', 'at')",111
"('natatakot', 'ako')",111
"('pero', 'kung')",111
"('saka', 'kinuha')",111
"('ang', 'ilong')",111
"('i', 'shook')",111
"('sa', 'laguna')",111
"('po', 'pala')",111
"('nagawa', 'ko')",111
"('years', 'old')",111
"('sa', 'bahayaliwan')",111
"('hes', 'not')",111
"('napailing', 'naman')",111
"('ulo', 'hanggang')",111
"('iniisip', 'ko')",111
"('ayaw', 'niyang')",111
"('kasi', 'ng')",111
"('nakatingin', 'sakin')",111
"('to', 'give')",111
"('si', 'night')",111
"('isang', 'bagay')",111
"('lang', 'itong')",111
"('akong', 'tumayo')",111
"('ng', 'mansyon')",111
"('kanya', 'na')",111
"('sa', 'grupo')",111
"('tumakbo', 'papunta')",111
"('na', 'hanggang')",111
"('the', 'reason')",111
"('hindi', 'sa')",111
"('nanginginig', 'ang')",111
"('sebastian', 'at')",111
"('yun', 'ang')",111
"('have', 'the')",111
"('kaniya', 'habang')",111
"('ito', 'kaya')",110
"('boses', 'na')",110
"('pilit', 'kong')",110
"('naglakad', 'si')",110
"('while', 'i')",110
"('niya', 'kahit')",110
"('more', 'than')",110
"('ko', 'parang')",110
"('naglakad', 'ako')",110
"('ba', 'ito')",110
"('na', 'tulad')",110
"('ko', 'syang')",110
"('saan', 'siya')",110
"('si', 'nay')",110
"('ikinagulat', 'ni')",110
"('mahal', 'kita')",110
"('must', 'be')",110
"('na', 'nya')",110
"('sa', 'karagatan')",110
"('ilang', 'buwan')",110
"('natapos', 'na')",110
"('for', 'sure')",110
"('nang', 'makalabas')",110
"('sayo', 'na')",110
"('nakangiti', 'niyang')",110
"('mula', 'ulo')",110
"('my', 'hair')",110
"('sorry', 'for')",110
"('sinubukan', 'niyang')",110
"('eyes', 'and')",110
"('aking', 'bibig')",110
"('ni', 'vi')",110
"('buhok', 'na')",110
"('papalabas', 'ng')",110
"('my', 'tears')",110
"('ko', 'napatingin')",110
"('ng', 'lolo')",110
"('lang', 'may')",110
"('saan', 'mo')",110
"('kanina', 'ko')",110
"('tuhod', 'ko')",110
"('even', 'if')",110
"('makita', 'kung')",110
"('hindi', 'kaya')",109
"('audrey', 'sabay')",109
"('din', 'nila')",109
"('lalamunan', 'ko')",109
"('he', 'has')",109
"('i', 'sighed')",109
"('o', 'baka')",109
"('nagawa', 'si')",109
"('siya', 'doon')",109
"('dahil', 'parang')",109
"('he', 'chuckled')",109
"('naman', 'nito')",109
"('lumabas', 'ako')",109
"('mo', 'ito')",109
"('ni', 'karis')",109
"('papalayo', 'sa')",109
"('again', 'and')",109
"('di', 'pa')",109
"('na', 'sinabi')",109
"('giit', 'ni')",109
"('lucas', 'ang')",109
"('at', 'yung')",109
"('fidel', 'sa')",109
"('has', 'a')",109
"('napakunot', 'ang')",109
"('mama', 'na')",109
"('ko', 'bigla')",109
"('hindi', 'alam')",109
"('si', 'roberto')",109
"('beside', 'me')",109
"('ang', 'apat')",109
"('sumalubong', 'sa')",109
"('his', 'voice')",109
"('panahong', 'to')",109
"('bahala', 'sa')",109
"('siguro', 'ang')",109
"('na', 'anong')",109
"('mga', 'bagong')",109
"('ni', 'irene')",109
"('na', 'mismo')",109
"('ang', 'perlas')",109
"('mga', 'mamamayan')",108
"('nang', 'makilala')",108
"('may', 'kung')",108
"('too', 'much')",108
"('kaysa', 'sa')",108
"('tahanan', 'ni')",108
"('kasalanan', 'ko')",108
"('may', 'kailangan')",108
"('na', 'kaibigan')",108
"('lalaking', 'to')",108
"('gulat', 'nang')",108
"('at', 'sumunod')",108
"('pareho', 'kaming')",108
"('ay', 'mabilis')",108
"('can', 'do')",108
"('damit', 'at')",108
"('matapos', 'iyon')",108
"('loisa', 'at')",108
"('mahal', 'mo')",108
"('paalam', 'ko')",108
"('habang', 'hawakhawak')",108
"('pinasadahan', 'ko')",108
"('kamay', 'ang')",108
"('sabay', 'silang')",108
"('kong', 'alam')",108
"('me', 'with')",108
"('at', 'inayos')",108
"('adrian', 'na')",108
"('boses', 'ng')",108
"('hanggang', 'paa')",108
"('parang', 'walang')",108
"('ako', 'nito')",108
"('na', 'nakapatong')",108
"('tell', 'you')",108
"('tao', 'dito')",108
"('you', 'may')",108
"('ang', 'libro')",108
"('mata', 'nang')",108
"('im', 'going')",108
"('i', 'also')",108
"('nang', 'sabihin')",108
"('pamilya', 'ni')",108
"('tumulong', 'sa')",108
"('bilis', 'ng')",107
"('ni', 'iris')",107
"('si', 'padre')",107
"('akin', 'ngayon')",107
"('magandang', 'umaga')",107
"('ngunit', 'kahit')",107
"('ko', 'kapag')",107
"('nga', 'kami')",107
"('rebeldeng', 'grupo')",107
"('where', 'are')",107
"('malaman', 'na')",107
"('stood', 'up')",107
"('niya', 'natapos')",107
"('inaasahan', 'na')",107
"('man', 'siya')",107
"('kong', 'gawin')",107
"('my', 'brother')",107
"('ba', 'tayo')",107
"('lang', 'yun')",107
"('si', 'ivan')",107
"('sa', 'ganda')",107
"('sa', 'tindahan')",107
"('nung', 'mga')",107
"('ako', 'nung')",107
"('natawa', 'si')",107
"('who', 'is')",107
"('matapang', 'na')",107
"('nagising', 'ako')",107
"('magtama', 'ang')",107
"('niya', 'may')",107
"('malaman', 'ni')",107
"('napangiwi', 'ako')",107
"('brix', 'ang')",107
"('ng', 'pagasa')",107
"('nang', 'makalapit')",107
"('ko', 'ibig')",107
"('sabaysabay', 'na')",106
"('isa', 'akong')",106
"('will', 'not')",106
"('sa', 'opisina')",106
"('sarili', 'at')",106
"('naman', 'tayo')",106
"('ngunit', 'nang')",106
"('ang', 'kalangitan')",106
"('nasa', 'kabilang')",106
"('pumasok', 'ang')",106
"('ng', 'hukuman')",106
"('ng', 'derecho')",106
"('kay', 'audrey')",106
"('ang', 'laki')",106
"('tubig', 'na')",106
"('ang', 'itim')",106
"('kanina', 'at')",106
"('the', 'room')",106
"('sa', 'bilangguan')",106
"('ni', 'gobernador')",106
"('to', 'stop')",106
"('ay', 'isa')",106
"('panimula', 'niya')",106
"('na', 'mula')",106
"('ang', 'matandang')",106
"('time', 'to')",106
"('ngunit', 'mas')",106
"('nasa', 'likuran')",106
"('kay', 'nightmare')",106
"('ng', 'labi')",106
"('na', 'loob')",106
"('leo', 'na')",106
"('loisa', 'sa')",106
"('pakiramdam', 'niya')",106
"('wala', 'ako')",106
"('nilang', 'lahat')",106
"('pagitan', 'ng')",106
"('batchoy', 'at')",106
"('marami', 'pa')",106
"('used', 'to')",106
"('ako', 'may')",106
"('ang', 'malamig')",106
"('ng', 'gamit')",106
"('at', 'hinarap')",106
"('lang', 'daw')",106
"('ganon', 'na')",106
"('okay', 'i')",106
"('naman', 'sya')",106
"('don', 'federico')",106
"('ng', 'pera')",106
"('humigpit', 'ang')",105
"('si', 'axel')",105
"('naman', 'itong')",105
"('ako', 'eh')",105
"('my', 'hands')",105
"('kaniyang', 'likuran')",105
"('take', 'care')",105
"('him', 'he')",105
"('nagbigay', 'galang')",105
"('doktor', 'victorino')",105
"('buhay', 'mo')",105
"('kailangan', 'pa')",105
"('sabay', 'lingon')",105
"('pa', 'pero')",105
"('gilid', 'at')",105
"('sa', 'paningin')",105
"('binata', 'na')",105
"('nakikinig', 'sa')",105
"('para', 'sakin')",105
"('said', 'in')",105
"('ni', 'señor')",105
"('im', 'a')",105
"('call', 'me')",105
"('kanina', 'ka')",105
"('ng', 'puting')",105
"('happened', 'to')",105
"('tila', 'ba')",105
"('nang', 'umalis')",105
"('kasi', 'sa')",105
"('anak', 'niya')",105
"('the', 'next')",105
"('kong', 'si')",105
"('my', 'room')",105
"('at', 'leon')",105
"('napailing', 'ako')",105
"('loisa', 'na')",105
"('panimula', 'ko')",105
"('miss', 'you')",105
"('kabog', 'ng')",105
"('liwanag', 'sa')",105
"('nga', 'niya')",105
"('tauhan', 'ni')",105
"('likod', 'ni')",105
"('nya', 'si')",105
"('sa', 'pakiramdam')",105
"('niya', 'mula')",105
"('mo', 'rito')",104
"('galit', 'at')",104
"('dont', 'tell')",104
"('ko', 'lamang')",104
"('that', 'she')",104
"('donya', 'juanita')",104
"('and', 'looked')",104
"('uli', 'ang')",104
"('iba', 'ay')",104
"('nandito', 'ako')",104
"('at', 'inilagay')",104
"('kumain', 'ng')",104
"('po', 'kasi')",104
"('nila', 'dahil')",104
"('and', 'she')",104
"('panahon', 'na')",104
"('madame', 'violet')",104
"('to', 'look')",104
"('ni', 'vanessa')",104
"('pinuno', 'ng')",104
"('of', 'what')",104
"('parte', 'ng')",104
"('likod', 'at')",104
"('narinig', 'niya')",104
"('akin', 'pero')",104
"('taas', 'ng')",104
"('siya', 'bago')",104
"('timoteo', 'at')",104
"('sa', 'kaliwa')",104
"('angelita', 'sa')",104
"('is', 'she')",104
"('grupo', 'ng')",104
"('sa', 'europa')",104
"('nagtagal', 'ay')",104
"('what', 'did')",104
"('to', 'ask')",104
"('a', 'moment')",104
"('mga', 'kalaban')",104
"('na', 'halatang')",104
"('point', 'of')",104
"('ni', 'lee')",104
"('itsura', 'niya')",104
"('dito', 'tanong')",104
"('when', 'we')",104
"('akin', 'kaya')",104
"('pati', 'ang')",104
"('ni', 'lim')",103
"('na', 'wag')",103
"('paparating', 'na')",103
"('kanya', 'ni')",103
"('siya', 'dito')",103
"('narito', 'na')",103
"('tila', 'may')",103
"('ni', 'diego')",103
"('ang', 'paa')",103
"('ay', 'para')",103
"('mas', 'gusto')",103
"('dahil', 'ayaw')",103
"('si', 'nigel')",103
"('iyon', 'para')",103
"('kasama', 'ni')",103
"('ang', 'siyang')",103
"('ang', 'lolo')",103
"('ata', 'ako')",103
"('si', 'brian')",103
"('sabi', 'nung')",103
"('upuan', 'at')",103
"('tumakbo', 'papalapit')",103
"('rin', 'itong')",103
"('ko', 'muli')",103
"('angelie', 'at')",103
"('pababa', 'ng')",103
"('hindi', 'nakapagsalita')",103
"('sebastian', 'ang')",103
"('akong', 'tumakbo')",103
"('noong', 'una')",103
"('of', 'us')",103
"('kaibigan', 'na')",103
"('ako', 'ngunit')",103
"('asul', 'na')",103
"('isang', 'kamay')",103
"('we', 'can')",103
"('agad', 'itong')",103
"('gawin', 'ang')",103
"('dahil', 'kung')",103
"('lang', 'yon')",103
"('ina', 'na')",102
"('kung', 'ako')",102
"('tumawa', 'lang')",102
"('taong', 'iyon')",102
"('lihim', 'na')",102
"('martin', 'ngunit')",102
"('sina', 'don')",102
"('dumaan', 'sa')",102
"('rosas', 'na')",102
"('opisyal', 'na')",102
"('pa', 'kayo')",102
"('here', 'to')",102
"('tiya', 'rosario')",102
"('buhay', 'ni')",102
"('tinignan', 'ang')",102
"('inayos', 'ko')",102
"('akong', 'lumabas')",102
"('sa', 'kabayo')",102
"('diyos', 'ng')",102
"('sa', 'pagibig')",102
"('nakasunod', 'sa')",102
"('hangin', 'at')",102
"('yes', 'i')",102
"('siyang', 'naglakad')",102
"('napalingon', 'siya')",102
"('ang', 'nais')",102
"('ko', 'dapat')",102
"('naglakad', 'siya')",102
"('roon', 'ang')",102
"('naiwan', 'naman')",102
"('sakin', 'hindi')",102
"('niyang', 'hinawakan')",102
"('mga', 'kalalakihan')",102
"('mo', 'muna')",102
"('celestina', 'nang')",102
"('a', 'smile')",102
"('kasama', 'mo')",102
"('go', 'home')",102
"('agad', 'silang')",102
"('malalim', 'ang')",102
"('harapan', 'namin')",102
"('do', 'this')",102
"('my', 'chest')",102
"('para', 'naman')",102
"('ba', 'sila')",102
"('yan', 'ang')",101
"('agad', 'din')",101
"('ang', 'nakikita')",101
"('ang', 'grupo')",101
"('parin', 'ako')",101
"('braso', 'at')",101
"('kasi', 'si')",101
"('ama', 'ang')",101
"('si', 'inspector')",101
"('mang', 'raul')",101
"('inspector', 'ricardo')",101
"('ngiti', 'at')",101
"('her', 'i')",101
"('to', 'his')",101
"('umuwi', 'na')",101
"('si', 'david')",101
"('ikaw', 'naman')",101
"('i', 'gave')",101
"('ang', 'tatlo')",101
"('ngayon', 'pero')",101
"('leo', 'sa')",101
"('at', 'iniwan')",101
"('up', 'to')",101
"('si', 'jelai')",101
"('mukha', 'nya')",101
"('paraan', 'para')",101
"('ba', 'niya')",101
"('ng', 'bala')",101
"('sa', 'hangin')",101
"('puno', 'at')",101
"('napatangotango', 'naman')",101
"('ng', 'panahon')",101
"('i', 'rolled')",101
"('naman', 'namin')",101
"('kahit', 'wala')",101
"('masama', 'sa')",101
"('kapatid', 'ni')",100
"('si', 'mr')",100
"('naisip', 'ko')",100
"('na', 'matagal')",100
"('if', 'he')",100
"('halos', 'isang')",100
"('upuan', 'ko')",100
"('na', 'muling')",100
"('ay', 'lumabas')",100
"('will', 'always')",100
"('inside', 'my')",100
"('sinabi', 'nito')",100
"('para', 'saan')",100
"('mukhang', 'may')",100
"('bagay', 'sa')",100
"('at', 'sinabi')",100
"('may', 'nakita')",100
"('ng', 'batang')",100
"('ni', 'angelito')",100
"('kumain', 'ka')",100
"('inalis', 'ang')",100
"('ni', 'adolfo')",100
"('sir', 'at')",100
"('makapasok', 'sa')",100
"('dalidali', 'siyang')",100
"('habang', 'abala')",100
"('lumunok', 'ako')",100
"('wearing', 'a')",100
"('saka', 'tumayo')",100
"('ang', 'gumawa')",100
"('aking', 'palagay')",100
"('and', 'his')",100
"('mga', 'matang')",100
"('ulo', 'sa')",100
"('kama', 'ko')",100
"('ang', 'mundo')",100
"('niyo', 'ako')",100
"('mo', 'para')",100
"('ang', 'nakasulat')",100
"('akong', 'hindi')",100
"('di', 'naman')",100
"('ang', 'baso')",100
"('kami', 'dahil')",100
"('ako', 'bilang')",100
